objid,ra,dec,is_star,flux_r_nmgy,color_ug,color_gr,color_ri,color_iz,gal_frac_dev,gal_axis_ratio,gal_radius_px,gal_angle_deg
1237663784734491430,0.5157543360358936,0.5170853302523476,true,1.6921122,0.92029905,0.27861097,0.21126468,-0.09698681,0.0,0.14048727,0.7391848949470905,73.08961
1237663784734491889,0.586803611527893,0.4951119649007209,true,1.5222129,-0.046609454,2.343973,0.8150646,0.72376543,0.0,0.17444359,0.290232061436682,11.357209
1237663784734491187,0.5204585212086918,0.5988153067811494,true,4.07958,1.096995,0.28524047,0.07487584,0.1933501,1.0,0.19897038,0.17430298406668382,102.6025
1237663784734491316,0.4848982411805274,0.5400053361180527,false,8.920508,1.144476,0.9592488,0.28997168,0.35240474,0.0,0.87068,2.694518578172934,135.88257
1237663784734491456,0.5267566883371746,0.5212937835965186,false,3.4499006,0.5153296,1.0937842,0.3950966,-0.5360255,0.0,0.78370494,1.025642334210752,104.4915
1237663784734491518,0.5505470247949837,0.611305521193581,true,2.6012444,3.9475243,1.7205907,1.6417141,0.9173002,0.0,0.063094676,0.4949203946373679,50.561413
1237663784734491624,0.5906261851586088,0.6180009903308032,false,10.060383,-0.56460166,0.8063388,0.21621673,-0.17261264,0.52841663,0.3427618,6.6115254103535355,98.27569
1237663784734491452,0.5242648288404688,0.5304911488669628,false,3.1398647,3.4629827,0.8159694,1.0050327,0.23457386,0.39065978,0.6316464,3.378353937707766,113.481926
1237663784734491473,0.5333696880201515,0.6241542836424085,false,1.5067472,0.36113,0.7970059,0.06547143,0.53169924,0.9617853,0.05,2.128876670442446,42.51507
1237663784734491772,0.49136251337059633,0.5176552454975153,false,4.2812333,-2.274312,2.4534645,0.2732383,1.6671386,0.6726807,0.69719917,5.059971953883315,66.006386
1237663784734491157,0.48208923841850826,0.4179890428184417,true,3.6434786,1.3625386,1.2111255,0.86764485,0.47927088,0.0,0.19969591,0.2501224628602615,75.00771
1237663784734491287,0.4711424954880616,0.590682279736262,false,3.7107997,-4.274703,4.513489,0.19968988,0.59619427,1.0,0.30130637,5.79279600971877,127.40785
1237663784734491022,0.5752271309610961,0.4648015687897039,false,37.5665,1.2878011,0.6393325,0.39512783,0.28028077,1.0,0.69642484,1.6428468504337348,154.62361
1237663784734491409,0.5106029449224749,0.5894943400015877,false,8.902612,0.2929011,1.0960323,0.63520724,0.44950983,1.0,0.2119345,1.8933009017597544,91.59352
1237663784734491352,0.4937607226579299,0.5362328326916277,false,1.4558575,-1.3893862,0.39489284,0.5733484,1.1087738,0.96609455,0.05,1.3861024018489954,26.83365
1237663784734491523,0.5508533272775047,0.5077709382546817,false,1.4057033,1.6960292,0.10851137,0.13060005,-1.1356351,1.0,0.05,2.2971363681735415,46.288593
1237663784734491807,0.5122434625280707,0.5498827964139684,false,0.96490765,-0.07361611,0.6722517,1.152919,0.8373863,0.96356326,0.05,0.4168975759636272,114.22116
1237663784734491784,0.4998986165601913,0.6280063765801621,false,1.7001477,,1.4610298,0.4921781,0.70575917,0.36807933,0.5326178,1.578310824403859,162.55983
1237663784734491235,0.4452618136092142,0.4464156945904437,false,5.889497,-1.8944092,2.0958006,-1.2613479,0.91993874,0.6129211,0.106907345,48.416436320603495,85.93878
1237663784734491737,0.47528986205314183,0.6031449574401927,false,1.0505877,-0.08748796,0.5718198,0.54554206,-0.84982246,0.0,0.05,1.602790421909756,42.752975
1237663784734491344,0.4900390936867218,0.629377671856928,false,1.6978843,-0.15844256,0.96895885,0.040467583,1.0012964,0.7104475,0.05,1.0004201621720286,118.56623
1237663784734491880,0.5844953734260443,0.513130864490587,true,1.0989212,,1.0754378,0.7144926,0.25098634,0.26463994,0.09384452,0.8249879635945715,70.852806
1237663784734491377,0.4981950008926628,0.4157491472493228,false,1.0996425,2.2517745,-0.06157299,0.7742296,0.0082424,0.90963477,0.29226625,1.4356325070063272,23.105143
1237663784734491323,0.4863555759598679,0.5240688772105965,false,4.8876176,-1.6908152,1.1622548,0.7957319,0.5203374,0.8224136,0.81624955,3.853560999186352,68.51749
1237663784734491252,0.45572650089343014,0.436465968664817,false,2.5619354,0.7692415,1.1127305,0.19134091,0.6379815,0.0,0.5478973,1.5920606827495074,112.436104
1237663784734491712,0.4639171132796171,0.5339117189236686,true,0.70850766,,1.6197934,0.8539437,0.17685494,0.0,0.1967274,0.4371405776702996,15.488005
1237663784734491298,0.47653568974357263,0.5376671913618009,true,1.7402424,1.3719864,0.9644375,0.38507646,0.011174005,0.16899544,0.05,0.3824697600470648,41.518394
1237663784734491823,0.5328840912120185,0.581185175450106,false,1.6647841,-2.5870402,2.49436,0.5070076,0.5584289,0.57932043,0.43927994,3.0096874694631555,8.965269
1237663784734491821,0.5311417910456804,0.5750762415338937,false,1.2132562,-2.173383,0.6144015,1.1418011,0.45944673,0.0,0.38303885,1.1910541792108555,0.03092319
1237663784734490670,0.47161483376163105,0.5175529918727346,true,90.514015,1.2033674,0.4698213,0.16793796,0.09767901,0.98530036,0.771631,0.04882770449374661,105.466484
1237663784734491236,0.44614022216204496,0.4615154558171136,false,2.4935026,-0.5062591,1.2467506,0.49883613,0.5861954,0.48904303,0.831565,1.5036535985542063,145.29976
1237663784734491758,0.481313106928706,0.5138056564449696,false,1.7786785,2.8407156,0.10708898,0.80104446,0.8838993,0.39556465,0.3386746,2.746302371073251,91.37708
1237663784734491480,0.5356776586670922,0.5380704257780661,false,10.46095,0.36908886,0.870118,0.23765011,0.2443426,0.0,0.54543555,2.5766386528207796,96.885124
1237663784734491771,0.4905850130133089,0.576205650826582,false,1.3073742,-1.9099092,1.5746068,0.2431852,1.4014193,0.23246674,0.45995304,1.0353630841380417,56.582623
1237663784734491720,0.46872077273229173,0.425195434550748,false,3.6816096,1.0012393,1.2571778,0.29164678,-0.06333654,0.60561,0.41990414,3.2699969079759383,140.20723
1237663784734491108,0.4685832706172928,0.5386176049763565,true,13.108038,2.1835709,1.3473629,1.2132499,0.6679399,1.0,0.99998295,0.016191168782310653,105.48013
1237663784734491761,0.4818112914195982,0.4947424097298494,false,1.4843782,-3.2414205,0.95111823,0.17534263,2.7186182,0.36810377,0.06060852,2.92108365983674,132.64609
1237663784734491455,0.525332363217391,0.6085680440917733,false,2.99086,0.4166747,0.26731712,0.07500613,0.12366029,0.0,0.86358535,1.486184470581286,132.88246
1237663784734490927,0.467339808392369,0.6219430701185285,true,99.990654,2.248346,1.0615647,0.4187519,0.24863386,0.0,0.9782933,0.06356428969990123,73.528984
1237663784734491313,0.4832160383904949,0.4768572748764192,false,6.8649397,0.83090955,0.7298722,0.019015517,0.47975737,0.0,0.44958526,4.3676092167093294,174.77287
1237663784734491504,0.5459918673271726,0.5986357813459582,true,5.9649577,2.317904,0.9576356,0.30740565,0.17138234,0.0,0.49959663,0.0,107.2027
1237663784734491864,0.5729797703398933,0.530244508425116,true,1.047734,0.59678024,1.8532914,1.375298,0.9152222,0.0,0.14745711,0.552858141335574,119.44604
1237663784734491743,0.47684952725333574,0.5256446630476304,true,0.66119206,0.07705622,1.7330012,1.1089046,0.04087803,0.0,0.9986595,0.5443950719905621,73.43591
1237663784734491553,0.5607798468958336,0.5677959968796759,false,3.8390741,0.37357736,0.59908324,-0.051847596,0.36455366,0.5085099,0.575283,1.9358655419012512,56.6526
1237663784734491045,0.5926521500206778,0.5936620988028753,false,1.5600848,-0.9368112,0.7419598,0.038888782,-2.0595047,1.0,0.05,0.8838919527602918,71.47565
1237663784734491191,0.5366136153970782,0.5555204755288717,false,4.4341288,0.5402534,1.019057,-0.2927584,-0.53617823,1.0,0.99979264,3.9279521113694313,75.928116
1237663784734491277,0.4692841299238299,0.5644960309859257,true,1.6504906,3.195044,0.57894325,0.06338702,-0.16941074,0.0,0.47694594,0.44301103311355666,81.47015
1237663784734491817,0.5272746759974947,0.598656885507318,false,1.2939715,0.3763738,0.5903381,1.5624204,-0.3994526,0.0,0.14286059,0.9564153022236294,140.4418
1237663784734491534,0.5548457930793234,0.4184318694681193,true,5.8425922,,1.2195678,0.91929543,0.512451,1.0,0.38635418,0.04387804485782228,73.67665
1237663784734491852,0.5647501721810748,0.42305205013876845,false,3.6017063,-1.1158549,2.1154265,0.40090632,0.4656654,0.9068589,0.24825038,1.305218447338451,173.51172
1237663784734491955,0.528751834721854,0.6311101502528346,false,0.4892162,0.12025741,0.42497548,1.0837555,1.2495362,0.0,0.05,1.674030314792286,30.20603
1237663784734491374,0.4972337977974828,0.5478055894297169,false,1.2746108,-1.9114802,0.63578194,0.50122803,0.91698784,0.0,0.4555052,0.95709307928278,0.030923221
1237663784734491241,0.4473765989975753,0.5281850749491597,false,2.5272915,0.7432353,0.7897055,0.21585837,0.16915818,0.0,0.31139183,1.8849232883164375,25.33129
1237663784734491296,0.4746543950393676,0.5679546557867872,false,2.4525154,,0.94324774,0.96879745,0.50343764,1.0,0.05865702,2.9217498471038508,119.29487
1237663784734491378,0.4983556344176545,0.5629988216107243,false,3.7539663,0.9014462,0.5104721,0.29165995,0.19042994,0.0,0.67258674,1.9074589616120463,114.06607
1237663784734491346,0.49241897146909785,0.5692796574330787,false,3.053571,0.7299423,0.44356275,0.10497919,0.3330044,1.0,0.15973872,3.837730848427974,68.77275
1237663784734491848,0.5635539967215468,0.5692616139387475,false,2.4934163,-1.746957,1.1822331,0.54933727,1.0166707,0.65625775,0.24532706,1.7871400623610525,81.85664
1237663784734491884,0.5855626087415864,0.49308684536837866,false,1.1849467,,1.559704,0.30496597,1.4894625,0.3402872,0.06512613,2.183311063833911,145.81004
1237663784734491044,0.5914848273379736,0.5919265739179729,true,49.51345,2.2384193,1.3311592,0.5754199,0.32513973,0.866927,0.75015235,0.0015195101062118104,71.76379
1237663784734491329,0.48813742985772457,0.46974685070968936,false,1.7658641,0.1779497,0.7529101,0.5839734,0.3973537,0.0,0.65014994,1.849689417415195,19.909956
1237663784734491971,0.570400067425382,0.5869044174250022,false,0.9068491,-0.36450696,0.076030046,0.8981318,0.4554894,0.0,0.17663297,2.3044666858634564,179.96861
1237663784734491689,0.44690516680007697,0.5503757935161286,true,1.1076347,0.57113826,2.0783534,0.6371853,0.5679882,0.0,0.37962723,0.004450249076454025,136.55043
1237663784734491302,0.4776817963882092,0.5860754140622152,false,5.115701,-1.4674678,1.6391741,0.3036615,0.5519767,1.0,0.6376854,1.5810399946540292,111.24589
1237663784734491251,0.4556842348454566,0.4422237254814007,true,9.026285,3.5503302,1.1637921,0.56028295,0.30082464,0.0,0.98618764,0.008168248718397485,104.94194
1237663784734491948,0.5201040953080689,0.549709342634575,false,1.246178,-1.0593531,1.4510518,0.2044549,0.92574525,0.0,0.05,3.355396215361778,164.15335
1237663784734491775,0.4934049939834982,0.5956979749816662,false,4.342489,,0.7686442,0.7312655,0.5252415,1.0,0.78259563,2.165548578657285,110.623634
1237663784734490962,0.5116124815475978,0.568778724621655,true,217.35316,1.722717,0.7440154,0.28889033,0.20259759,0.0,0.90502936,0.00177439689669156,72.051605
1237663784734491750,0.4789277247288197,0.5672692468444973,false,2.1856005,1.653905,-0.3091028,-0.04824163,0.43604994,0.871199,0.15501153,1.2641522017392244,142.63794
1237663784734490994,0.5430527083027723,0.5411672533304208,true,2.2312295,0.11872832,2.8360777,0.48536938,0.24415267,0.0,0.9767928,0.7003384708154081,133.85715
1237663784734491111,0.5161853982419089,0.6049520924864664,true,7.296608,1.7133439,1.3534228,0.9871309,0.5472289,1.0,0.7345495,1.0147765222960389e-5,70.64052
1237663784734491601,0.5845714556421822,0.5497766082270468,false,1.6528103,0.53641534,0.54754955,0.06251201,0.26639336,1.0,0.05,3.192553014466257,90.256714
1237663784734491039,0.5799116307827621,0.5199824428481157,true,153.65636,2.1316626,0.9389211,0.30160967,0.20266211,0.0,0.6022845,0.0005793961169518003,71.121666
1237663784734491088,0.5815799679558182,0.5137582407190002,false,24.297056,0.97320527,0.78251123,0.3814226,0.14426896,0.67436856,0.6014977,2.4854956251202207,76.71817
1237663784734491757,0.4811603107911093,0.5558110631109126,false,1.0353894,,1.4162135,0.5758754,0.40655202,0.0,0.13597928,0.9568130428140812,88.91142
1237663784734491589,0.5781349294662022,0.5109476540210656,false,1.4798113,0.94584596,0.77197117,0.4618441,-0.28649378,0.0,0.16558172,1.9535664657149652,80.14135
1237663784734490895,0.45253722095551474,0.5301450865827861,true,40.516243,0.8965328,0.28513345,0.08370704,0.03676746,0.0,0.40455168,0.11289464968322505,104.60817
1237663784734491069,0.5161520000778861,0.4851285333103952,false,27.493717,0.9113232,1.4565921,0.48617077,0.3491662,1.0,0.62505966,3.900436138865924,104.951195
1237663784734491830,0.5433566661622748,0.554977707957487,false,1.5504699,,1.4117872,0.87399673,0.31930327,0.30327064,0.45335343,1.0530464727469164,116.884796
1237663784734491551,0.558885635539994,0.6207367233084772,false,3.6817577,0.57379264,0.21848355,0.20755067,-0.16702351,0.0,0.98102,2.583886637832179,45.02309
1237663784734491618,0.5869799277205843,0.4702550074930579,true,0.885335,,3.242773,0.7237103,0.7720429,0.91812605,0.05,0.8942707620485864,93.853714
1237663784734491196,0.5502285127982258,0.5907240847195817,false,16.421427,-0.004312682,1.2545557,0.36812818,0.38652977,0.24691375,0.66597027,3.7782433057072184,8.421962
1237663784734491059,0.47848980577670375,0.5003986289807949,true,25.282358,2.2090147,1.3289378,0.81620693,0.4653232,0.6608549,0.99984187,0.103269891832212,106.631165
1237663784734491370,0.4970635683751077,0.4910776745212177,true,3.4983711,1.394195,1.1501307,0.83344054,0.5215822,1.0,0.16838594,0.07110399034137678,135.57733
1237663784734490672,0.48121849287567287,0.5170165324677017,true,227.67155,1.2384487,0.47764364,0.16244186,0.068806015,0.50304353,0.7522296,0.017953394545298634,105.48018
1237663784734491264,0.46000191234016974,0.4424089704708335,false,3.5759184,-1.225222,1.4945725,0.3803345,0.66552556,1.0,0.5194031,1.2622913627913503,15.13086
1237663784734491675,0.6029922017776528,0.47927147176880064,false,7.14822,,,0.29038897,0.49043086,0.5753321,0.4593882,2.462276756161391,128.84003
1237663784734491940,0.5060041503508188,0.5004785250647914,true,0.3850084,,1.2382925,1.932543,0.9366783,1.0,0.05,46.93591955936317,89.0214
1237663784734491454,0.5245696293420714,0.5943114350068193,false,2.7930577,-0.15971167,1.1505157,0.1388081,0.4679586,0.0,0.41816023,2.257678093332233,169.42975
1237663784734491381,0.4988736721798422,0.4690542031943683,false,14.688736,0.7019575,1.1356739,0.4200731,0.48785594,0.7027416,0.29262212,3.4285241907293145,88.7979
1237663784734491773,0.4923225221120475,0.49922220536710377,false,2.646553,-0.23634654,1.1695402,0.34245723,1.4301444,0.6908121,0.5369814,2.500102977560024,150.33138
1237663784734491724,0.470135443045649,0.5417900818242861,true,1.9031307,0.40984398,1.4382714,0.6837237,0.73861104,0.0,0.15901822,0.025720479004461356,139.96614
1237663784734491691,0.4514020117365352,0.6263089035224467,false,1.9315366,2.408595,0.8230021,0.40979487,0.34170762,1.0,0.60288864,1.5900753664247915,155.7727
1237663784734491578,0.5734082182912381,0.4745154561768889,false,6.84878,1.3069322,1.1626294,0.41458282,0.31906018,0.6014381,0.253031,1.9339195104560465,6.8108044
1237663784734491488,0.5391606467391252,0.6122581084519584,false,7.5740623,0.26846534,0.5927909,0.25646684,0.32854548,0.0,0.56570554,4.52834458062143,113.65521
1237663784734491769,0.4899757115064496,0.5709878458367839,false,2.6242082,,1.8921988,1.1583714,0.04745499,0.2627403,0.48746395,1.7881760693559745,139.24106
1237663784734491511,0.5467508841539956,0.6155221996375081,false,0.8436642,-0.36840808,-0.84318644,1.0544604,1.3019202,1.0,0.08453179,0.12224639831769346,73.8086
1237663784734491836,0.5500970203708064,0.49513975727220216,false,2.3637729,,1.030495,0.31794703,1.0081064,0.6094717,0.55326927,1.0747448211968549,100.89282
1237663784734491475,0.5330755810804622,0.626403208895189,false,1.0725082,0.043031428,0.44530165,0.40045148,1.063249,0.0,0.05,2.304197862894848,54.228794
1237663784734491800,0.5075322934577553,0.5816595306240637,false,2.7119966,1.3769474,1.2766021,0.10189398,0.3961528,0.63683116,0.38035718,4.3460199929247,162.31168
1237663784734491327,0.48766046151821385,0.475572564270733,false,1.3052272,-2.6549,1.0408638,0.39899075,-1.4789681,0.5825967,0.05,1.518087254630195,70.03977
1237663784734490952,0.4922509179530383,0.48055954877659046,true,35.428593,2.2573912,1.206584,0.6123075,0.37935257,0.0,0.99986744,0.05751779077179504,106.615166
1237663784734491623,0.589841486652892,0.6004351277234644,false,8.444676,0.8929672,1.0195026,0.36757445,0.220707,0.0,0.5240355,2.1615648510480168,52.56476
1237663784734491348,0.4924326184157213,0.4887208022447972,true,1.055017,1.4649017,0.8672162,0.4795181,0.18338437,1.0,0.07622358,0.011739878435478066,69.93376
1237663784734491106,0.4667548599470006,0.5189426703775265,true,14.071726,2.2365327,1.2690623,1.1942915,0.67276186,0.0,0.99982625,0.023457240501437524,71.8741
1237663784734491151,0.48261667261570906,0.6009672889371562,false,3.3102965,0.42606235,0.15765364,0.26924485,0.49290133,0.9489754,0.7197705,0.42184013308900775,73.608406
1237663784734490990,0.5379972488409077,0.5532468122161249,false,104.98323,1.4170374,0.8313484,0.40152088,0.2377191,0.97945744,0.39751998,3.0270257983544857,93.174736
1237663784734491205,0.557009574550694,0.5676175121115884,false,8.064823,0.5168743,0.73365676,0.35799173,0.40153444,0.0,0.52415854,1.6414423783620198,152.72458
1237663784734491575,0.5708924121163079,0.4549521801660842,false,2.6521432,0.2778141,0.6993821,0.28836852,1.1555687,0.94920826,0.41457146,1.6581053384626754,170.41226
1237663784734491832,0.5433827993941431,0.551364580461094,false,1.6635399,1.8393056,-0.03749349,0.64572597,0.35893473,0.30392542,0.5153441,3.0037008150659426,62.79944
1237663784734491261,0.45921103675581776,0.44717614744922474,false,4.1482124,0.015809316,0.7097019,0.027842656,0.8526844,0.40892527,0.45664176,2.273489429493143,96.5144
1237663784734491312,0.4818156967982023,0.5850324546493747,false,3.9066155,,1.0334711,0.52079225,0.2061267,0.9454925,0.31679064,0.5082694644277745,76.77098
1237663784734491753,0.4803994975485182,0.45512657105619125,false,2.722628,-1.3355241,0.9812511,0.3121874,1.1176522,0.0,0.30861068,3.21938774802468,150.56416
1237663784734491435,0.515917610351611,0.5858206087175621,false,5.6384892,-0.3626996,0.9140068,0.43230438,0.19821252,0.1331287,0.56795835,2.021025377090531,124.549675
1237663784734491072,0.5172599350455052,0.49283371945657906,false,6.969471,0.75068206,0.36507758,0.24472627,-0.67416686,0.38450992,0.49110448,2.072127931045763,89.22636
1237663784734491571,0.5686202456889244,0.4544726194275566,false,10.465894,0.6839565,0.70293874,0.2841599,-0.07216078,0.3650074,0.4157623,4.2587861870274395,43.49093
1237663784734491425,0.5174447761776921,0.5629870935616568,false,0.7629011,,0.973163,1.0293705,0.8381474,0.0,0.5130486,0.00016935869879112814,48.044594
1237663784734491173,0.491984022847932,0.5256982507295945,false,2.4747934,0.24853113,0.5465153,0.34821486,0.81257033,0.0,0.2389203,2.3208250000019266,21.908852
1237663784734491368,0.4968203484318199,0.5510901269431502,false,1.6889693,-0.2599445,0.6703668,0.34409165,0.32507765,0.0,0.7574547,1.192025313473711,118.27673
1237663784734490957,0.5011933569510543,0.5596026074979933,true,9.929346,0.4233199,-0.08490247,-0.13790017,-0.147438,0.0,0.99977285,0.035681190307844765,70.908
1237663784734491787,0.5027809061988346,0.5808643618188519,false,1.9765592,1.6660316,1.3842939,0.8090998,0.4085039,0.27940536,0.5498865,2.2124586382297555,51.760746
1237663784734491496,0.5416542029510083,0.5158752970328419,false,3.206483,2.0896363,0.85111165,0.20407549,0.7509959,0.0,0.7184285,1.7677875179232971,80.90822
1237663784734491621,0.589135067138491,0.611711972667639,false,7.1348624,-1.3906306,0.9788848,0.26331297,0.10114696,0.5032806,0.24786687,7.962051064077049,25.484022
1237663784734491297,0.4766214181015833,0.4766484272502193,false,3.9460187,-0.5001074,0.4640015,-0.040537383,0.017201167,0.4862886,0.9106159,2.4868672845339534,90.962944
1237663784734491398,0.5042994692093377,0.520848575247492,false,3.3923252,0.31198603,1.0434213,0.08856824,0.6576482,0.45477214,0.60345197,1.3323251647178571,119.18921
1237663784734491760,0.48188955775707143,0.4691651926276791,false,2.037381,-1.4528457,1.899258,0.5031472,1.2062964,0.6606345,0.600166,3.231075677004727,53.434948
1237663784734491796,0.5073279842956371,0.6000026438047555,false,1.8642949,-0.47695196,1.4222548,0.585473,0.89740247,0.0,0.28014565,1.8496075362870184,100.63274
1237663784734491395,0.5023089853820686,0.6090855069957083,false,5.780683,1.2360766,0.81329215,0.2007017,0.4080208,1.0,0.893632,0.969723995887872,78.57941
1237663784734491386,0.5013645596507441,0.4530401292422134,false,1.7780945,0.88244003,1.0269046,0.3544361,0.33090508,0.11800114,0.52864575,1.4107737577322756,162.68715
1237663784734491185,0.5109407107554862,0.4554237556781716,false,12.7587385,1.0219722,0.40498307,0.22917363,0.3079505,0.0014403122,0.49991533,2.4625258614318537,135.0384
1237663784734491463,0.52891593020796,0.6165315496842241,false,4.5561376,0.026264682,0.6755401,0.21735366,0.17918734,0.0,0.65874374,2.809496841045341,98.35606
1237663784734491276,0.4675974742863893,0.5486923292420559,true,1.9143622,0.8740331,0.73267674,-0.012664423,-0.0008426281,1.0,0.7263925,3.725877795291999e-5,75.97188
1237663784734491393,0.5019271844311017,0.6225156464451761,false,2.3740914,-2.1170242,0.54967785,-0.13194458,0.057747684,0.0727016,0.2749796,4.060149794877177,141.6591
1237663784734491305,0.4789679730928196,0.6038325998193887,false,1.4455003,-1.5436147,0.5185113,0.70830256,0.43433216,0.6132201,0.99972045,0.6321422529943062,97.503716
1237663784734491827,0.5367579537579417,0.5810710851506019,false,0.8223323,0.04661906,-1.3693764,0.8205749,0.93675274,0.9319565,0.05,1.0103333478022103,123.81516
1237663784734491484,0.5370319847012048,0.5357107076379769,false,4.2561297,0.8061299,2.0427678,0.13751629,,0.62285966,0.5372126,11.370102564493816,122.277695
1237663784734491439,0.5164313090418808,0.5888752418976051,false,2.5460236,0.6270449,1.2761327,0.58228886,0.46838558,1.0,0.05,0.4057389768687162,130.47527
1237663784734491515,0.5494166773623146,0.562546783512662,false,1.8255378,-0.082236476,0.69746834,0.10519554,0.84249246,0.0,0.09572475,0.9568369749820592,171.40486
1237663784734491944,0.5120896520556251,0.6003325173903722,true,0.46556175,-0.03967671,0.5875783,0.9769046,1.3320353,0.93432075,0.05,0.47797999448246425,39.020336
1237663784734491195,0.5489394012697755,0.5139011840603416,false,5.126442,0.44653374,0.53830284,0.29575437,-0.08797611,0.0,0.6097565,1.863195589094451,50.498066
1237663784734491892,0.5872593066734719,0.6073836412698204,false,2.1924722,-5.275043,0.93244,0.64911366,-0.43189323,0.08526811,0.05,2.594475794320154,171.27852
1237663784734491707,0.4614846581370209,0.42799567447475473,false,1.69175,-1.6132689,1.5019816,0.5494587,0.7411813,0.2767905,0.31397012,1.944283644358317,171.28505
1237663784734491159,0.48726540207923286,0.41588719750440034,false,2.111463,-4.0511675,0.9530523,0.2278161,1.5403241,0.8888866,0.34140158,1.6674543872024072,87.27183
1237663784734491267,0.46128417066953986,0.4496489505655938,false,4.7552085,1.1557438,0.52597284,0.1888411,0.18393141,0.0,0.28857893,3.1522003689197575,74.18293
1237663784734491256,0.45639156156572547,0.5893760187800123,false,6.513443,0.67433,0.53978497,0.40627262,0.5027845,1.0,0.879371,1.9940338050476227,136.09439
1237663784734491810,0.5158282452227514,0.5949238687387394,false,1.530209,-0.5912659,0.5481283,0.5131476,0.6312982,0.3653667,0.05,3.610712711257164,61.12355
1237663784734491610,0.5867836725200029,0.5736933225458026,false,1.9805099,-0.7085604,0.43891287,0.4131787,0.2596936,0.5299052,0.05,1.5876699577678333,119.61784
1237663784734491061,0.48611009925732773,0.4919098609569723,false,56.498676,0.011513573,1.025415,0.3868945,0.23487721,1.0,0.6961245,4.381485960700295,158.10005
1237663784734491145,0.4682789509225245,0.6198181033165557,false,3.1321533,0.98324037,1.102873,-0.0074545746,0.23568286,1.0,0.58075786,1.8693956762853297,90.944016
1237663784734491133,0.4596505247776701,0.5345860244484721,false,7.2994437,0.1687044,0.66284966,0.13494277,-0.21569285,0.0,0.8007334,2.169547960011646,11.608711
1237663784734491819,0.5282866999904794,0.5728078313531267,false,1.1522574,-0.9871751,1.1890129,0.5380012,0.55650777,0.0,0.31753454,1.3047947426034947,179.96861
1237663784734491375,0.4974466736664436,0.4518270993379906,true,1.3857445,1.5494473,0.9984081,0.5290919,0.082532145,0.0,0.500119,0.3403984010219574,45.570248
1237663784734490960,0.5025697896210257,0.5361954340256242,true,88.3096,2.2426627,1.0118268,0.435993,0.2819447,0.0,0.37254128,0.00020756890466366187,71.480225
1237663784734491820,0.5306786754221466,0.5991248998495045,false,1.2240498,,-1.2377846,1.5197244,0.9502169,1.0,0.54193884,0.9521227141823432,8.636888
1237663784734491526,0.5527904459948729,0.574550387629432,true,0.31316027,0.6078726,-0.45333743,-1.8028932,2.5598059,0.0,0.9997855,3.3140098205720534,60.679348
1237663784734491756,0.4810003269815315,0.5676644780831639,false,1.7208879,-1.3931959,1.5118628,0.759645,0.55469334,0.5825859,0.39322603,1.4353618778363622,1.1954972
1237663784734491611,0.5877424220900718,0.6039156857932436,false,4.0237365,-1.362416,0.48357087,0.5005059,0.38949028,1.0,0.34929574,1.3721216507632323,147.55983
1237663784734491443,0.5195371605615584,0.5778382868335733,false,1.5301784,0.40670228,0.43546042,0.5944244,1.719569,1.0,0.05,1.5044106979562777,136.5251
1237663784734491873,0.5784025000885755,0.5155109118877248,false,1.1973531,-1.4587384,1.1133338,0.87930906,1.370512,0.9634645,0.05,1.3131586590198554,84.708725
1237663784734491000,0.5500733075856932,0.5481688317328943,true,16.309664,0.90412223,0.18805826,-0.004669764,0.17294197,0.0,0.18267797,0.053449806691420194,71.99941
1237663784734491002,0.5567503861695506,0.42536637960486895,false,34.726665,0.8524546,0.33011925,0.171859,-0.003488838,0.0,0.8730926,2.870322176904389,7.920389
1237663784734491131,0.44782264753346546,0.44615135674433865,true,3.931929,-0.0047267154,1.4453864,1.3617169,0.7176161,1.0,0.8490505,0.0066345962084302995,72.424194
1237663784734491943,0.5093132609575086,0.6226526313898456,false,1.4430548,-1.7737799,0.038243715,0.41830352,0.6823545,0.73095816,0.18459825,5.491126667369495,152.86194
1237663784734491786,0.502719298039489,0.4496542568486982,false,1.5346805,-0.30140355,1.8553919,0.2905435,1.2412175,0.38852853,0.108762324,1.904760195751383,63.82432
1237663784734491617,0.5885229621291312,0.47031635903678304,true,1.622055,1.2625024,1.2296691,0.589179,0.35672396,0.0,0.38840008,0.0004615504080029863,138.03804
1237663784734491549,0.5581241386911078,0.5625957523998125,false,3.9632819,-0.04894989,0.82107055,0.23684229,0.24138907,0.338311,0.38470373,2.380865541371432,86.3846
1237663784734491930,0.48451092349069214,0.5049971105777779,false,1.0768278,5.7036715,1.1375042,1.334516,0.7369829,0.0,0.49970597,2.396344235449126,78.992485
1237663784734491437,0.5158190578686206,0.5817684076626318,false,1.1864624,,1.7679191,1.1445477,0.3382217,0.14460123,0.05,1.0549801618161827,44.07794
1237663784734491766,0.48771360232835725,0.5694897293671308,false,1.2094313,0.50998914,0.7247539,0.15666753,1.9987123,0.6708479,0.05,1.4353116052319304,91.069565
1237663784734491444,0.5201256360472968,0.4756276037412818,false,1.6916565,-0.07917659,-0.07247007,0.02440982,1.3517427,1.0,0.46933317,1.2817962302101982,105.04929
1237663784734491538,0.556580974205211,0.5114021105812531,false,2.0265136,1.1252134,0.3428437,0.16638021,0.42973375,0.7058581,0.66428304,2.839590563918605,70.53133
1237663784734491791,0.5050517416456266,0.5623887644049143,true,0.8269771,,1.4925103,0.94362307,-0.014226059,1.0,0.13487868,0.006300477179312947,107.68125
1237663784734491481,0.5353110503672749,0.5840149126822937,false,1.4155366,-1.0462291,0.15630084,-0.14575788,-0.18142699,0.6294533,0.36064246,2.76529367523964,179.96861
1237663784734491923,0.4645538502102369,0.5876751184601846,false,0.8542077,-2.8664813,2.120731,0.9875276,0.4780693,0.44660625,0.672037,1.786002456539809,0.030923247
1237663784734491324,0.48679469113716856,0.4861021881952866,true,7.7199526,2.6027868,1.2916045,0.60249716,0.43111148,0.9413863,0.13206829,0.08809990766975614,105.83384
1237663784734491239,0.4465310024257896,0.5197054039241413,true,5.498169,,1.2969071,0.7582531,0.4027894,1.0,0.473001,0.009699441219745862,139.31432
1237663784734490954,0.4963699003146101,0.4615992207366357,true,14.022518,0.8824413,0.3456011,0.12170933,0.106029816,0.0,0.30000818,0.14709932447382898,104.84809
1237663784734491001,0.5513806435513562,0.5951493450372267,false,17.081266,0.99417245,0.27365947,0.2877832,0.05428417,0.3023241,0.8288571,1.4507913529270826,83.38139
1237663784734491396,0.5027125482368344,0.458382361149236,false,2.4721086,0.40305018,0.93277967,0.033863828,0.5748674,0.0,0.37624997,1.7770611577563815,27.89603
1237663784734491970,0.5678093140381311,0.549599743114867,false,0.45909154,1.229905,-1.1241763,1.3825487,1.7835958,1.0,0.096525826,0.5853331149226487,9.80239
1237663784734492030,0.4480781089696695,0.5024310328515775,false,1.2706807,-2.120281,1.0572646,0.020651089,,0.0,0.25919518,2.8484406495335124,20.928474
1237663784734491085,0.5666681360582331,0.6097091155901028,true,31.140478,2.2802973,1.1506708,0.4209365,0.23699768,1.0,0.86929685,0.00016233727107802876,72.463844
1237663784734491893,0.5887658938991258,0.5331131426343927,false,1.1886127,0.8999082,0.7128626,1.0413947,-0.35573307,0.9840866,0.19996719,2.1674252218670316,179.96861
1237663784734491160,0.4904644763453234,0.418305095385136,false,0.56261057,-3.9782255,0.42109972,1.2755604,0.89842796,0.0,0.29153627,0.03776726350564547,74.39823
1237663784734491744,0.4770396817412035,0.49228540538058774,false,3.663211,0.35732973,0.6866811,0.7590521,0.25174055,0.91536653,0.55442816,4.857083462705516,74.80829
1237663784734491300,0.4769561974135712,0.5556071777735353,false,3.60786,0.1574339,1.189397,0.73076123,0.27547303,0.970693,0.6810616,0.6402664714389377,107.74492
1237663784734490993,0.54317052846873,0.5390412947459596,false,56.41092,1.8506358,0.72218764,0.3918723,0.20031169,0.9637675,0.99981564,1.6574894237999964,71.919174
1237663784734491608,0.5865759591220208,0.4487662865380882,false,6.4695315,,1.6405094,0.49887478,0.2619579,0.8874999,0.960208,1.246333122253418,130.66505
1237663784734491946,0.5190250738689883,0.5543122558924914,false,1.4879106,0.22453342,1.1918303,0.24827215,0.5854825,0.0,0.05,8.244978057013617,123.80621
1237663784734491513,0.5483985529154349,0.5437332981505103,false,1.5991967,-2.4083052,0.8247455,0.17714806,-0.46191475,0.325176,0.7325268,1.902133978978552,100.251144
1237663784734491441,0.5191886386169369,0.48535701484929605,false,3.456204,-0.8863683,1.2330232,-0.022374716,1.2611611,0.88681567,0.5435912,1.9766623624647504,91.03285
1237663784734491467,0.5314973369480747,0.5355108884169696,false,9.327997,-0.69849753,0.6264465,0.05365992,0.15065111,0.0,0.6355495,4.454148237151329,98.60363
1237663784734491067,0.5130854647247141,0.6079585756877176,false,79.02201,0.8153144,0.39552867,0.23468095,0.085376956,0.067274235,0.8555578,7.092602927275378,170.06316
1237663784734491281,0.4701231097449572,0.4213474976486932,false,3.9571667,0.18380773,0.8024346,0.16267541,0.96593,0.2481102,0.80254644,2.9709366234866055,119.70805
1237663784734491966,0.5574534534459499,0.5706355176842218,false,1.0273156,1.7616606,0.4071275,0.4106812,1.5382073,0.54690206,0.26035783,1.5971013391860809,132.32162
1237663784734491506,0.5460692893767334,0.5181779907223072,false,3.258691,-0.3428431,0.92075574,0.3334819,0.48052126,0.016203614,0.61193496,1.947355390799166,174.12401
1237663784734491519,0.5505225963811071,0.49774174001377314,false,2.107871,3.0143847,0.3444233,-0.7621124,1.2030663,0.24841999,0.118816495,5.329597477961068,83.94926
1237663784734491372,0.4972640628890837,0.5584706813133677,false,2.027674,-0.8815382,1.2011535,0.3079449,0.31742108,0.9328825,0.05,1.4686111849967878,38.036396
1237663784734491545,0.5572362517561,0.4296263272814623,true,4.436996,1.9029982,1.2323942,0.80524707,0.43188494,0.9913677,0.9997777,0.29835214066987087,73.48242
1237663784734490896,0.4516394998684916,0.53188968952707,false,2.4031618,1.7554004,0.9690559,0.815665,0.23541074,0.0,0.2880754,1.1358166282827202,32.92494
1237663784734490687,0.5130263918195297,0.5356305858378798,true,120.9095,1.4316096,0.5489012,0.17154916,0.12557212,1.0,0.7038348,0.00023843118341197495,105.27246
1237663784734491144,0.4692626765323151,0.6197197805496404,true,9.2332,1.2584648,0.47678447,0.13755827,0.14275612,1.0,0.42081785,0.0004966165182519366,70.33519
1237663784734491181,0.5025955375331783,0.45638220231973314,true,5.644485,1.2865816,0.5477829,0.24968356,0.14819437,1.0,0.62474686,5.353326695962959e-5,72.4466
1237663784734491147,0.47189728929251373,0.6115246679471329,false,6.9364705,1.0565014,0.8199565,0.2559113,0.0818116,0.0,0.7423141,2.523615053205779,54.57025
1237663784734491288,0.4718694462938231,0.5894569224816041,false,2.0942125,,0.81029433,0.12612617,-0.3519746,0.0,0.42776695,1.6591770179343943,14.880531
1237663784734491738,0.4764178986378535,0.5193488368751938,false,1.0518897,1.6859193,0.08545915,0.6978602,1.8183249,1.0,0.05,1.690694930577519,23.687576
1237663784734491619,0.5898066402331992,0.4713658048824707,false,1.4350667,,1.5858049,0.37138477,-0.5198508,0.0,0.6031081,1.710543277287724,63.619522
1237663784734490668,0.46885643841195446,0.5330925683416249,true,379.5476,1.083768,0.379158,0.118438,0.049996242,0.0,0.6998702,0.01415019299872596,105.359245
1237663784734491202,0.5545877365837271,0.5892441519058207,true,2.661927,0.00438977,0.28414428,0.7269861,-0.84516823,0.0,0.25923112,0.004780947082591328,108.60389
1237663784734491434,0.5171658828920815,0.5749036407542425,false,1.8253101,-0.93993455,0.54820883,0.37391615,0.32346624,0.36067006,0.81778705,2.5088311445833456,132.91806
1237663784734491345,0.4919201693910384,0.5663927107342677,false,1.8781207,1.0339943,0.3886517,0.69496036,0.59223264,0.26055342,0.5501017,1.1002524483083471,4.15623
1237663784734491382,0.49914489708855214,0.46702529558223493,false,2.7460022,-0.015030967,0.9129068,0.4331914,0.5937633,0.0,0.5809061,1.53875034866911,128.38586
1237663784734491728,0.47355357776902807,0.573555013963744,false,1.2509848,0.36854196,0.78732693,0.56200504,0.8996207,0.3263626,0.05,1.6321011564948342,9.423845
1237663784734491112,0.5741917089973896,0.5944844185899973,false,19.809921,1.1680232,1.2543477,0.52205986,0.1641562,1.0,0.7025941,2.4183491865793862,158.20679
1237663784734491137,0.46849968707778267,0.4322751451999152,false,7.5007653,1.0666461,0.73677164,0.0062650475,0.2964669,0.55183697,0.69505054,3.4068747602327902,51.174484
1237663784734492040,0.5565429035572524,0.5155628829679197,false,4.128555,0.85532045,1.9687152,-0.78432524,1.5408952,1.0,0.3729217,15.281216062680638,66.71744
1237663784734491749,0.4781957855450081,0.4890789794530458,false,1.1699388,-1.7882497,1.3699756,0.80604196,1.6163561,0.9947606,0.05,0.9247011156997296,167.65111
1237663784734491177,0.4990242571649173,0.5069677722463375,false,26.879625,1.2480658,0.5137981,0.24695626,0.1329869,0.012865783,0.6265646,5.544784093143964,174.1418
1237663784734491197,0.5523803617035217,0.5799421210821907,false,7.8936267,-0.2273745,0.54054767,0.2696734,0.37599066,0.20580721,0.52132016,3.221045238803131,80.3256
1237663784734491781,0.4979742115974002,0.5525229532633947,false,1.637662,-0.49328578,0.25737095,0.6479036,-0.37307507,0.9660322,0.05,3.0720474744083903,61.130367
1237663784734491834,0.5483493807800972,0.5033095344383393,true,0.9093052,2.544941,2.3757024,0.3769507,0.5482441,0.0,0.48107964,0.6165528161959214,29.320902
1237663784734491071,0.5181421823891803,0.4923767272297087,false,23.643791,1.6933091,0.87650836,0.33129802,0.14802364,0.7563592,0.5213544,3.0176531184803355,127.88983
1237663784734491082,0.5642211457971449,0.5601179052085339,true,13.610508,1.0101743,0.46990716,0.15310255,0.089737274,1.0,0.79943043,0.0,106.011536
1237663784734491338,0.49030147147533576,0.6158508376542287,false,27.608168,0.85171735,0.9403254,0.2259578,0.12514368,0.0,0.7999971,7.143325275844997,43.420364
1237663784734491485,0.5372258644770724,0.5224756139557065,true,1.0991966,0.5277343,0.1448379,0.5097606,0.28024238,0.6518597,0.89992094,0.6810176101597872,103.80713
1237663784734491573,0.5702772591652607,0.5323315367970565,false,18.981434,0.6566441,0.7999904,0.26433006,0.21881971,0.538157,0.7571068,5.362954404619004,72.37287
1237663784734491401,0.5076236505373704,0.5603507634290638,true,2.212756,1.0959717,1.1968302,1.0595245,0.33802313,0.0,0.3282132,0.21524849639396473,102.88967
1237663784734491498,0.5427427312702484,0.5860417397030835,false,1.1569743,-1.1446102,0.20508297,0.059987478,-0.3193521,0.0,0.05,1.8553611907092007,133.50327
1237663784734491808,0.5136944764465206,0.596605621061835,true,0.83685714,,0.7083247,0.8838194,-0.13925534,1.0,0.05,1.0297598712372056,115.784386
1237663784734491353,0.49428103594154393,0.4697738640817618,true,1.705922,0.5154638,1.4022598,1.3956906,0.82610947,0.0,0.05,0.018957761266842635,137.58186
1237663784734491460,0.5272129465105344,0.6126782766140995,false,1.4284259,2.0966377,-0.09018503,0.9287144,0.94265205,0.381311,0.45807177,1.57433898762019,117.14318
1237663784734491490,0.5403458620744992,0.6303140605190094,false,1.6813797,0.95388204,0.30177912,0.6389699,0.08525611,0.20821264,0.55013746,1.844152206122273,70.583336
1237663784734491491,0.5403823110788011,0.5097793668194651,false,1.6602955,0.37393132,1.1352946,0.6954292,1.2426295,0.25466642,0.18370327,2.8704115838715523,75.90806
1237663784734491336,0.48647632686714815,0.5649447607942548,false,2.0416758,1.5841115,0.32832146,0.15200524,1.1043448,0.0,0.05,1.5963085673072122,1.8384914
1237663784734491371,0.49692631548842847,0.5977334168089832,false,1.9490628,-1.0883827,1.257945,0.73006654,0.66460884,1.0,0.8469655,0.17973863416247896,80.803474
1237663784734490976,0.518731160420268,0.5816037825431174,true,24.436777,2.0462203,0.9326086,0.3025359,0.21106915,0.8889954,0.56984,0.010062140798327898,105.65263
1237663784734491547,0.5577571559604522,0.5846317888693857,false,2.6115696,-0.41424817,0.9185047,-0.22835806,0.7845637,1.0,0.47753212,2.065160960862131,127.57107
1237663784734491562,0.5667060892809417,0.48313245020869544,false,2.2072384,-0.6193362,0.87071157,0.40472254,0.152548,0.0,0.55000293,2.1427687671449447,150.30821
1237663784734491016,0.5712307457200687,0.508667278083251,false,66.04018,0.9821516,0.83377004,0.31531435,0.34209192,0.5777912,0.2940082,7.892745311814124,60.25144
1237663784734491942,0.5063613506802085,0.5027837525191359,true,0.36675152,-1.0501819,1.7395015,2.0069237,0.92132413,1.0,0.05,0.7818269007133715,112.7262
1237663784734491597,0.5835753811570932,0.5897683156419629,false,1.6344284,0.4984637,0.46636504,0.089875884,1.2059476,0.0,0.24842836,0.3974291712346703,151.31146
1237663784734491896,0.5909092844253507,0.5771519531556032,false,1.1698248,-0.24189827,0.3511407,0.47864753,0.89727944,1.0,0.05,2.3786238949708265,66.56359
1237663784734491291,0.4716198000141816,0.41559885328274654,false,2.5934725,-2.6017287,0.77711445,-0.040017243,0.25114927,0.7805397,0.20250975,3.486496932578809,113.08777
1237663784734491730,0.4743369176868786,0.6219443459718511,false,1.9966533,-2.3702648,0.8719311,0.1161869,-3.9213123,0.0,0.50591254,2.9563843601881854,34.334885
1237663784734491262,0.4593955317881466,0.553070716212179,false,6.6014986,-0.6322439,1.1997105,0.44994318,0.72288406,0.0,0.59169936,3.3338244515235975,12.75028
1237663784734491068,0.5144282109431675,0.6093529913264327,false,3.940828,1.9969782,0.85905176,0.38349575,-1.4219517,0.7155171,0.79511005,2.102551586700208,116.290245
1237663784734491795,0.5067174503673275,0.5760467217710492,false,1.7508339,-2.1399887,1.781066,0.256939,1.0727944,0.41951424,0.4499404,2.3349815546864208,163.18703
1237663784734491706,0.46045692410336514,0.4568203463071203,false,1.190202,0.88541436,0.38116086,0.32957453,1.1807477,0.0,0.6286056,1.7995430965616244,53.53857
1237663784734491497,0.5416779586002747,0.5247617580176736,false,3.690229,-3.2950246,1.631993,0.6026266,0.21076253,0.0,0.40219805,2.8703844908511997,132.91649
1237663784734491459,0.526994075570741,0.6156039130981562,false,0.8499435,1.442373,0.43407848,0.70854867,-0.30191135,0.6167212,0.05,2.766831655694981,77.86895
1237663784734491417,0.5130941189405771,0.4755172267803516,false,11.415646,-0.034342114,1.024719,0.49432856,0.34030095,0.30377617,0.83492434,2.0339228589125353,60.166374
1237663784734491752,0.4800938146300755,0.6013570458369643,false,1.0148504,1.2784948,-0.34848645,0.68230015,0.5480524,1.0,0.08055733,0.5960578870291662,125.873245
1237663784734491315,0.483926365336238,0.47117961327823465,false,18.235542,-1.6331071,0.90857625,0.39551616,0.32249892,0.17247838,0.6629556,3.8465056756530145,10.188611
1237663784734491343,0.4900067597436842,0.44720762715568063,true,2.9654982,1.1142653,0.6302325,0.11340575,0.3801463,0.0,0.9629415,0.217388148861702,136.80916
1237663784734491342,0.4901931204470653,0.5135257422928734,false,14.238192,0.5263256,1.0769312,0.33341134,0.41151208,0.0,0.8840282,2.7494870050989015,83.28406
1237663784734491563,0.56684441374024,0.5590710742817581,false,2.847922,0.35774267,0.36776602,0.27521306,0.38692784,0.99405366,0.09505268,0.6967983161560213,74.47258
1237663784734491561,0.5654425675487804,0.60328634615087,false,10.028078,1.7489784,1.6305376,0.54535323,0.39427254,0.7187452,0.59999454,2.009007063778964,75.52898
1237663784734491120,0.5904590206258344,0.5791112123410526,true,7.1990137,1.6313652,1.4961072,1.1320885,0.63256687,0.0,0.4043781,0.0032692074051333796,73.91317
1237663784734490950,0.492181688993643,0.5552744606995312,true,19.184635,1.0721852,0.40801847,0.16759305,0.082610406,1.0,0.7204816,0.0,71.03442
1237663784734491290,0.47036528083540574,0.5435523902767961,false,1.0936437,-1.1356705,0.6103247,1.2514683,-0.58338934,0.95933944,0.23436274,1.3833205507259176,37.38123
1237663784734491725,0.471146847447077,0.5991438836587276,false,3.0979252,0.03313698,1.245326,0.21797475,0.053166408,0.9429801,0.30371988,3.177110594932479,113.904015
1237663784734491778,0.4936940225053892,0.4780397837357208,false,1.9717075,-1.5091788,1.1795582,0.7403499,0.23701,1.0,0.26421592,0.41784801416926914,41.471474
1237663784734491759,0.48161329213185944,0.6119490351964173,false,0.96716684,1.368993,0.55126333,-0.040903047,2.2769125,0.0,0.05,1.6917988206401016,38.34742
1237663784734491373,0.497474843786204,0.4453183158840776,false,3.9797225,0.75509685,0.72724664,0.40314564,0.009176697,0.540805,0.5011296,0.9709710274079832,74.43755
1237663784734491626,0.5914357681236346,0.6140509203017444,false,6.283076,0.45659995,0.563994,0.23145387,-0.15898597,0.0,0.28471598,3.2443061019435073,140.66565
1237663784734491895,0.5895040048718823,0.47637138886752023,true,0.60887146,0.23712361,0.8488279,1.1009806,0.50810593,0.0,0.13291916,0.7681666751100559,166.58197
1237663784734491740,0.47658343797172265,0.49743585393696427,false,2.625165,-1.872597,1.400457,-0.14975111,1.8289275,0.9370235,0.13526858,8.749681289749915,83.062386
1237663784734491223,0.5933754579384534,0.4712705367738779,false,2.6333358,0.6058334,0.49561024,-0.09597271,0.67724466,1.0,0.05,1.019255154662662,32.226196
1237663784734491249,0.454800876784093,0.4614279990830197,false,3.5112584,-0.3750075,1.0417206,0.022045083,0.761642,0.0,0.3999441,2.8709426070704605,52.496998
1237663784734491536,0.5553363613321292,0.5061621097841146,false,7.8356256,-0.7193917,1.6651602,0.58832616,0.4829757,1.0,0.6237381,4.125455413201842,32.040398
1237663784734491358,0.49435737011279457,0.6062860525898965,false,1.9356616,-3.761435,1.4069577,0.60765314,0.69322395,0.0,0.20282215,1.8008086416456437,104.547
1237663784734491887,0.5862451331908964,0.5015064825200577,false,1.79448,0.6450182,0.5576502,0.04932585,0.4025584,0.9125041,0.05,6.062892350283536,105.13296
1237663784734491595,0.5816555840260538,0.4787315877784885,false,2.2177598,0.27041113,0.6875474,0.83610725,0.75882953,0.35344803,0.81165206,1.554375345056707,43.374233
1237663784734490936,0.47208114655304456,0.5573206552697517,true,55.409904,2.2750711,1.2114137,0.5639952,0.31799674,0.0,0.93902063,0.015416163763012547,105.819756
1237663784734490995,0.5414649219737981,0.5427113967497761,true,1.7799935,,1.1170783,0.58555514,0.17876233,0.0,0.6886783,0.34529666858490066,104.33962
1237663784734491331,0.4879692755066518,0.5516414974324505,false,2.496415,-0.2878641,1.3201218,0.47396398,0.28480515,0.0,0.10677173,1.742654978626906,48.91254
1237663784734491813,0.5228017535916631,0.5392259706943844,false,1.2819284,0.12847234,0.5239957,-0.5817608,3.366824,0.18547727,0.20144035,1.877106650911196,168.03786
1237663784734491898,0.5946125750405145,0.48696304663038414,false,1.481217,,2.0933325,0.6256391,0.57549477,0.0,0.26870057,1.4853576819101968,54.209732
1237663784734491658,0.60050888957708,0.5233884322757699,true,2.7452767,1.1854107,1.4832791,1.6995656,0.9534903,1.0,0.20243545,0.1162023405836086,135.78549
1237663784734491745,0.4772392375187735,0.5889770037675547,false,4.8034763,0.70514566,0.74267364,0.46804923,0.14409217,0.0,0.82557917,3.749978963774864,131.66945
1237663784734491283,0.470396936557421,0.4795838508395535,false,5.523359,-0.54112494,0.2709873,-0.41433963,0.5844098,0.0,0.40013164,6.397461048280349,79.84754
1237663784734491387,0.5005899898431014,0.4960058455387667,true,2.8825068,1.3217645,0.5332895,0.09922613,0.1819011,1.0,0.21761337,0.0012875965271954132,140.38498
1237663784734491351,0.49286564546107314,0.6261350756073036,false,10.758047,-0.052077886,1.3831327,0.42572886,0.66839665,1.0,0.68056285,1.5758759144580723,102.60022
1237663784734491438,0.5164306559663405,0.5810227200363756,true,1.3341184,0.7654903,0.5064212,0.19070777,0.124698006,0.0,0.26089782,0.003926509478590404,73.799866
1237663784734491487,0.5383666693569324,0.5460267081479012,false,6.447893,0.61716825,1.1815324,0.36617985,0.32430214,0.12782653,0.35007057,2.6171424172141333,106.28258
1237663784734491572,0.5685426479291191,0.4592629815173528,true,6.318624,4.763049,1.1877804,0.5101659,0.30481973,0.97994405,0.6219125,0.20083427579716,104.45035
1237663784734491552,0.5596599465138787,0.554642760234118,false,2.533742,,1.0209107,0.50763404,0.28760493,0.24032494,0.8643793,0.9326134817768827,82.848785
1237663784734491499,0.5436764575070043,0.5347209489015278,false,1.5682447,0.39754695,0.50461996,0.14070955,0.8331567,0.4195796,0.3603389,1.6410558512716582,97.828125
1237663784734491004,0.5570074380253249,0.5411426644225956,true,20.210115,1.8283955,0.90106267,0.10496663,0.21560493,0.0,0.3061133,0.4185419717822412,47.83584
1237663784734491448,0.5218131793295218,0.5337356794411162,false,3.6051679,0.61544317,0.7693572,0.4935032,0.7467382,0.54706323,0.4505943,1.1322023441093136,50.70235
1237663784734491805,0.5111274394536238,0.47431785013802824,false,1.7035507,-2.2527325,0.41479015,0.39648253,-0.39368597,0.5267059,0.28665748,3.6243335767225786,85.16361
1237663784734491270,0.4645463009659956,0.5806634092917394,false,2.3998985,-1.0904944,1.2557732,0.67338806,0.6339545,0.980779,0.8967994,1.1522515554620762,149.66367
1237663784734491639,0.5935636225139973,0.5611000701509969,false,1.4476469,0.88233,-0.26755282,0.068472,0.19057025,1.0,0.21173322,2.862988999395659,176.0607
1237663784734491638,0.5933302149601225,0.5725497427349592,false,6.097207,1.5339094,0.59530395,0.1238046,0.1920544,0.34388947,0.28868008,2.5339448692822697,22.05026
1237663784734491871,0.5781839786136889,0.45801387302169205,false,1.5477023,-3.108444,0.9779568,0.30656883,0.44807795,0.30622825,0.05,2.6535208177084875,168.64198
1237663784734491360,0.49572681959866216,0.584392700905169,false,1.483431,-3.234534,0.4673016,-0.0038900839,0.3326987,0.0,0.7320272,1.849492240433741,121.71403
1237663784734490883,0.5969860386915276,0.5790971793153491,true,148.58464,0.95627797,0.06858576,-0.06289853,-0.044207074,1.0,0.6820275,0.0001514771510200161,71.87523
1237663784734491048,0.5993322068185982,0.5848098618510609,false,21.384449,0.805544,0.44299695,0.37460595,0.07417388,0.9954433,0.9848318,0.4556112442955826,71.22042
1237663784734491231,0.6026700645038652,0.4886601139092786,false,4.547766,0.18913193,0.5512977,0.30777612,0.26278797,0.4754661,0.45612153,2.1301694590635973,131.55042
1237663784734491902,0.5992745032142874,0.5143182977163132,false,1.2045915,0.45131588,0.870415,0.7392869,-0.47762913,0.0,0.19337913,1.4849424061149057,50.276978
1237663784734491090,0.5830961416543481,0.5073746643702026,false,28.8238,2.6845677,1.0666423,0.41848403,0.44010416,0.87151104,0.3984419,3.3120826037243156,125.37131
1237663784734491792,0.5059512678534741,0.615121836705626,true,1.8476863,0.28447235,1.6045995,0.8684806,0.43421802,0.0,0.9999946,0.577286487877971,111.54292
1237663784734490929,0.4684355772273179,0.4854042521200892,true,31.832445,1.1302952,0.40404606,0.14964503,0.05589095,0.0,0.99975556,0.0662815361989267,105.91298
1237663784734491863,0.5712024651926715,0.6135125870887714,false,1.5019535,1.3440305,0.8486566,0.31183305,-1.0105816,0.0,0.05,1.7785603048825505,178.7982
1237663784734491899,0.596314238013079,0.49322775226042487,true,0.69064087,2.716944,0.91789097,0.9045138,0.51385665,1.0,0.05,0.003341924354452828,164.71078
1237663784734491646,0.5974166483303129,0.5216038763870043,false,2.1312048,0.91023326,0.40363246,0.1895279,0.6455356,0.94819725,0.48696533,0.6156017382939656,44.18048
1237663784734491874,0.5788280164998927,0.5806241222153645,false,1.9840473,-2.4024985,1.373498,0.11981907,1.5655094,0.58982384,0.26887706,4.610397297926623,176.36958
1237663784734491091,0.5832722350590895,0.5050058743139878,true,5.9024878,3.6652255,1.6091859,1.2322588,0.6893713,1.0,0.5579026,1.712059009040593e-5,104.860886
1237663784734491783,0.4995915416256036,0.5265305459653316,false,1.9721247,3.2682812,0.32944876,0.5438374,0.80550003,0.99292165,0.22341791,2.0693826555001613,10.418974
1237663784734491755,0.4809398856009448,0.5961290865371093,false,2.5636048,2.169807,-0.219521,0.48857117,0.54285914,0.9272053,0.16953628,4.3697486622164945,64.933586
1237663784734491862,0.5702160979457709,0.5188863559824838,true,0.7000479,,,0.58879274,0.5009854,0.0,0.07867359,0.9568329110290064,85.30105
1237663784734491987,0.5989200465823235,0.6051897691830637,false,1.2745059,-0.29761016,0.41370618,0.47086948,0.6317311,0.0,0.19999859,4.1629027838658805,3.3224666
1237663784734491674,0.6025559310885562,0.5138524085407837,false,2.6006408,0.99431646,0.632515,0.42639005,0.34790477,0.0,0.6594929,0.8523002868950968,77.98369
1237663784734491097,0.5997639353263775,0.4933548176649517,false,23.675035,0.3866817,0.9125281,0.39471775,0.40205884,0.9372895,0.69237155,2.242094940609402,92.19571
1237663784734491654,0.5985962712043218,0.4621215691069665,false,3.12556,1.2362101,0.49887848,-0.5056535,3.4918518,1.0,0.31391641,4.162156220638391,149.77621
1237663784734491592,0.5807350725125708,0.5695868594402138,false,0.4813151,2.7159615,-0.88737166,1.2834034,2.109139,1.0,0.08030933,0.19864884741378552,46.989986
1237663784734491858,0.5673849498593384,0.480129604673038,true,0.6240724,,2.3027577,0.9068867,0.48108995,0.0,0.23466115,0.4179779101501811,45.462723
1237663784734491647,0.598269064295339,0.46703631402694146,false,7.534747,0.94436663,1.0867991,0.38864103,0.20382991,0.0,0.86081034,1.881577902370029,126.709946
1237663784734491394,0.5016873187035547,0.4134514983737038,false,3.8727481,1.9067636,1.4765836,0.350183,0.36542085,1.0,0.47337574,2.392600431586757,103.82962
1237663784734491146,0.469925519414451,0.450957865443999,false,1.7848074,-0.2477981,0.38179278,-0.046792883,0.07793988,0.0,0.35689145,0.7681492151636066,129.91483
1237663784734491397,0.5028522500360104,0.5979009499669492,false,1.8249881,0.56542945,0.61088717,0.053084116,0.43690106,0.0,0.79966104,0.9039919635262152,78.279366
1237663784734491063,0.5125734889703271,0.6236195588295107,false,28.95499,1.4107759,0.65719515,0.2992894,0.21776383,0.3628559,0.33015501,5.331125524308946,65.93378
1237663784734490973,0.5149548610399339,0.554424426690904,true,37.261745,2.4437451,1.3571534,0.94983625,0.54631805,0.0,0.6868529,1.379888002739248e-5,71.07126
1237663784734491217,0.5732009630414154,0.441807198196101,true,3.087137,0.7316076,0.2779766,0.18558063,-0.64945674,0.97346437,0.604633,0.25664967945729844,104.493866
1237663784734491550,0.5579835374293598,0.5478264122706826,false,2.3470776,0.5181278,0.5735911,0.14095734,0.08089948,0.0,0.74243695,2.4063073926501803,105.79527
1237663784734491973,0.5744317597185962,0.5785228702233444,false,1.7016104,1.5420352,0.111907385,0.5359285,0.44522476,1.0,0.30407056,6.26344753034187,0.03092315
1237663784734491132,0.448154076731754,0.633034562430935,false,2.88454,0.7062898,0.17412916,0.19238845,0.27231982,0.0,0.4452242,1.8001952857682195,112.09772
1237663784734491704,0.46002491728961914,0.63072827891395,false,2.6049001,-0.56866944,0.3800352,0.7309872,0.3776425,0.25869623,0.2433891,1.9300251898139411,82.86913
1237663784734491528,0.5533013139999845,0.5522060243501639,true,0.847899,0.2691869,0.16445711,0.7861352,0.7280434,1.0,0.34981725,0.13012346820999876,106.9188
1237663784734491812,0.5223418872948429,0.5145540153355258,false,3.944024,1.0728531,1.3756595,0.85666394,0.52351654,0.60732406,0.36019397,3.5709311263729826,88.42846
1237663784734491593,0.5809649225501374,0.5325258593290173,false,1.645859,-1.5139768,0.97533524,0.105316356,1.2787405,1.0,0.40353563,1.6242103143171829,63.457817
1237663784734491672,0.6021376286815148,0.6320888524630013,true,2.27911,0.26990178,1.3508981,0.71289206,0.56195414,0.0,0.17391503,0.5220794542269273,84.73738
1237663784734491461,0.5283184233084306,0.4869145968553874,false,3.584905,-2.0422502,1.241145,0.6714778,0.5450549,0.9574969,0.7037684,2.068512216962949,131.77354
1237663784734491510,0.546595384516845,0.5383841593913451,true,1.0680029,1.5962849,0.5995058,0.45216328,0.37217152,1.0,0.24076234,0.00010017148922244555,114.09165
1237663784734491308,0.4808995276714736,0.4867567981637194,false,5.545769,-0.7100057,1.1210172,0.53645813,0.120179504,0.47006544,0.6457185,1.693367657035288,24.288822
1237663784734491424,0.5163956250073856,0.5638781935727457,true,0.13371333,,,3.1455078,1.0318853,1.0,0.113396734,0.3841802327319829,161.8149
1237663784734491009,0.5662022371240774,0.6318532650203902,true,16.33051,0.82691336,0.30492106,0.10613081,0.03737754,0.0,0.05,0.016280128902783898,73.75593
1237663784734491875,0.579378533478712,0.5603525541823923,false,1.4782506,0.27071774,0.16733553,0.08801121,0.67070204,0.0,0.15000571,3.120778485982105,24.866226
1237663784734491052,0.6001701844694942,0.6116433123934267,true,76.286896,2.4210012,1.429219,0.87146115,0.4889601,1.0,0.7530616,4.54772017485194e-5,73.282776
1237663784734491583,0.5769992784262747,0.506805697488182,false,3.1617103,-0.09539847,0.80348885,-0.06395098,0.20964544,0.72913516,0.10616405,2.7635913304608275,179.96861
1237663784734491673,0.6025877645318083,0.48225568485596026,true,4.2257247,1.1189294,1.4248533,1.0819979,0.66534585,0.0,0.99332684,0.2894001175658871,134.54578
1237663784734491406,0.5101088316954794,0.46996567915089266,false,4.27541,1.6706532,1.2100712,0.5403899,0.47327438,0.9713187,0.33962587,1.3155639171600342,13.132224
1237663784734491416,0.5120928916283845,0.5217233275311612,false,2.1558163,0.03877893,1.0234743,0.596862,0.45339897,1.0,0.26566672,1.421295783736489,179.9562
1237663784734491489,0.5404131675469603,0.5987547542137076,true,3.933661,,1.3947127,1.2529788,0.7143676,1.0,0.86515164,0.12257031042768496,141.26488
1237663784734491180,0.49953218903704055,0.6210048439502508,true,2.3003454,0.34604475,-0.05766718,0.21427956,-0.21988223,0.92945206,0.21676771,0.48876132326896743,80.29497
1237663784734491602,0.5849545423745166,0.5828779145679371,true,1.5656478,2.1997578,1.1886193,0.3577505,0.7112525,0.0,0.1775574,0.4948847597897655,138.22725
1237663784734491984,0.5911598364610953,0.4778861796859267,false,0.9971126,,0.8871635,0.4249282,0.7033058,0.09304175,0.699356,1.358954141838382,103.366325
1237663784734491811,0.5163561099550638,0.4949179351690988,false,1.1987755,-1.8767802,1.3765621,0.41599408,0.88591546,0.0,0.053609956,2.6244024435679116,60.82354
1237663784734491799,0.5080839557108767,0.5807061318455813,false,1.3877454,-5.1675954,1.9372166,0.82652295,0.35419965,0.0,0.750406,1.19191197433857,55.558502
1237663784734490885,0.5968311775570658,0.5804861948060522,false,27.454857,1.0975225,0.40805233,0.31498632,0.11922427,0.0,0.6261588,2.5912809251534816,20.200172
1237663784734491596,0.5821402622052663,0.4707181595895454,false,9.367864,-2.6316812,1.5432261,0.7746836,0.39689085,1.0,0.81966037,1.9746532644888368,74.00523
1237663784734491981,0.58744923791971,0.6178649106472566,false,2.3249047,-2.7511854,0.6936064,-0.21366009,0.49263135,1.0,0.05,10.370211167768998,1.3509881
1237663784734491092,0.5826900426567558,0.5067759821393824,false,20.329372,1.3333495,0.6513561,0.43771386,-0.3293903,0.9788453,0.7375511,5.119982391896873,22.297234
1237663784734491087,0.578367497482505,0.6131337012996569,false,20.159988,0.6388794,1.1517053,0.45201924,0.40993458,0.9096567,0.5193764,1.5358628347666576,179.96861
1237663784734491542,0.557017178457679,0.6244939740143198,true,1.391535,,0.91240835,0.42391053,0.63525605,0.0,0.17496637,0.5590000914202796,96.69916
1237663784734491125,0.5935421647798584,0.4927178236908651,true,0.46490663,,1.9135906,1.1366633,-0.3665811,1.0,0.10871291,0.3837555496379582,10.516525
1237663784734490892,0.4482788387198404,0.4255550761924243,true,67.44962,2.1947582,1.0652778,0.4891128,0.27675718,0.0,0.8885219,0.3216090527447787,74.487175
1237663784734491383,0.4998914889486876,0.5672350977878471,false,1.4370989,-0.89956653,0.2736289,0.12009154,-0.47747058,0.6803148,0.11310177,3.0701840766752606,36.752167
1237663784734491537,0.5560686452809325,0.6062211919093459,false,1.1165025,0.12951577,0.37850472,1.2036253,0.7450024,0.0,0.4625118,1.395443021649062,75.06662
1237663784734491644,0.5962342858135354,0.6157939796134271,false,2.7010267,0.15474944,1.0082793,-0.11845575,0.31827468,0.0,0.39838034,1.8499174503364948,102.59774
1237663784734491636,0.5923362109776171,0.51653062985778,false,4.0007358,0.87028563,0.866214,0.29591647,0.41443193,0.73945636,0.75004256,1.0757319102383622,135.68349
1237663784734491399,0.5064149514196803,0.4763911239481408,true,1.4923866,4.8280816,1.0206853,0.6488598,0.26273626,0.0,0.088472396,0.6946699336321667,8.511057
1237663784734491656,0.599240340257797,0.565756926656065,false,3.0408325,0.22079475,0.7494947,-0.03686664,-0.102523945,0.0,0.61314964,2.4882214840012367,117.29368
1237663784734491979,0.5841080517463748,0.5703184542669603,true,0.092691824,,,2.9206529,1.2642032,0.0,0.26200256,0.003471348794515837,123.70127
1237663784734491824,0.5337762724589492,0.5944973361421998,true,0.7212781,,0.969199,1.1840851,0.65997016,1.0,0.05,1.1445142403997557,120.60349
1237663784734491891,0.5871555960016082,0.6017798334130791,false,2.444276,0.12121915,-0.89195377,1.0662819,-0.7312172,0.8655914,0.56256956,2.3492091532909507,106.217674
1237663784734491362,0.4953826677525086,0.4720720627701468,false,2.6706374,0.68353325,0.92430896,0.39569074,0.42581716,0.33544374,0.501778,2.1923986649272416,86.610214
1237663784734491985,0.5971640781776362,0.6238229637645687,false,2.3879447,1.437196,-1.3213593,0.10064648,1.0885665,1.0,0.30032745,10.955951430580832,20.206299
1237663784734491986,0.5973699194639384,0.5074345769793758,false,0.8838895,-1.1374965,1.6440969,1.0452952,0.36079648,0.97192323,0.05,1.5345206766417532,147.68977
1237663784734491099,0.6011766934718086,0.4904779894036843,false,1.3984869,0.09591831,0.3471369,0.3724852,1.0680012,0.0,0.05,1.7850433636193324,149.11815
1237663784734491641,0.5948997130882052,0.606384241317657,true,3.1939452,,1.3977603,1.1089146,0.6175004,1.0,0.9998519,0.19724396142092615,126.292854
1237663784734491655,0.5989362330724006,0.4988358073884708,false,12.169745,0.58561605,1.0865254,0.17162748,0.45693088,0.5231386,0.6833563,7.798228601012567,117.15354
1237663784734491314,0.48342090446237407,0.5799700215400461,false,6.9023657,0.2777962,1.0379516,0.3689827,0.19509687,0.8376526,0.8027526,1.530244494929458,83.59661
1237663784734491115,0.5861967324732387,0.5409053087919288,true,13.935593,2.7019892,1.3227096,0.94518733,0.54171884,1.0,0.9099116,1.368818923976799e-5,69.837875
1237663784734491855,0.5654012370957151,0.5709296440748907,false,2.0441148,0.05193932,0.93292165,0.13392241,0.40096152,0.0,0.6999955,2.628710233803951,98.147316
1237663784734491254,0.4564724612208373,0.6295539738144814,true,1.3619986,4.095821,1.0322044,0.45008907,0.37707043,1.0,0.054668315,0.596053935963698,55.54566
1237663784734491260,0.4590343429719521,0.5277946814608067,false,4.5036926,0.2977136,0.5289615,0.37120342,0.29569137,0.0,0.76209533,1.8458676458609224,138.83809
1237663784734491248,0.4541512532620669,0.4525577350896251,true,6.1719413,1.9203432,1.0156255,0.37500373,0.17292462,0.0,0.5372841,0.01782628194889938,73.00307
1237663784734491952,0.5287511773888465,0.4944880868488181,false,0.8148541,-0.31428778,-0.017065901,1.154347,0.27025476,0.0,0.7922375,2.043096706120654,71.64676
1237663784734491933,0.48957035116843706,0.5336568720518696,false,1.5125284,-1.3563687,1.4800712,0.48625916,0.30869502,1.0,0.2234228,4.363096422619289,12.088376
1237663784734491806,0.5121284145555123,0.5196042765885117,true,0.76871127,0.19560802,0.85116386,0.8435494,0.05086074,0.29496077,0.05,1.5335438227412677,81.088295
1237663784734491951,0.5264987309103102,0.6052687080784167,false,5.265687,1.8809029,1.6163188,-0.6465438,-3.0995831,1.0,0.4840778,31.10812890409219,83.16624
1237663784734491956,0.5356309363514757,0.6069664181242818,false,5.96767,-0.55358356,2.0401142,-1.1291099,0.43085933,0.7866045,0.11844852,60.172066544041485,61.90059
1237663784734491632,0.5922947797689648,0.5352109448457523,false,9.806886,0.21742071,0.7687291,0.30374727,0.06059747,0.0,0.8800742,3.038196250645801,138.70723
1237663784734491413,0.5115679831312558,0.4893777510242096,false,4.86536,0.38799298,0.84377444,0.33208543,0.25371212,0.18562873,0.13470371,4.3477476245225075,72.29172
1237663784734491613,0.5878529057940955,0.5847297605342039,false,4.185176,0.77645594,1.0184464,0.54574454,0.299657,1.0,0.72759145,1.0924582379032866,115.51828
