objid,ra,dec,is_star,flux_r_nmgy,color_ug,color_gr,color_ri,color_iz,gal_frac_dev,gal_axis_ratio,gal_radius_px,gal_angle_deg,log_flux_r
8647474692482204160,0.515754470444248,0.517092236369104,true,1.714405750625518,0.9443767574534764,0.340630149487883,0.14783296539185206,0.0732356607947314,,,,,0.5390665194795361
8647474692482204836,0.586802264246157,0.495121978920582,true,1.3546751332184164,,1.4341069427424382,0.9290093127666398,0.5481005991807071,,,,,0.30356167150371
8647474692482204190,0.520441713155489,0.598823793540483,true,4.158345357696217,1.0053711654500497,0.29247066228054025,0.10079357456795315,0.037430665357504736,,,,,1.4251172445956448
8647474692482204065,0.484912870652139,0.539985986244229,false,8.309092846714547,0.5986396850177579,0.9006426154975229,0.2576674030840742,0.23633310489254655,0.0,0.9392721056938172,2.4862172025622744,131.609619140625,2.1173504388549236
8647474692482204575,0.526739025132867,0.521298984393033,false,3.2579889993798674,0.7596445504804457,1.0137850644967914,0.30331532030879194,0.26876482772608157,0.4483536183834076,0.8409510850906372,0.9954140493364044,99.8118667602539,1.1811101336793302
8647474692482204611,0.550534779702778,0.611294452652148,true,2.6015160065149336,,1.5324238728831785,1.6599981975823104,0.9324716579845268,,,,,0.9560943545314967
8647474692482204662,0.59061560651052,0.617988795877353,false,6.148529813922449,1.092602661696432,0.9298985104863626,0.4317541932820248,0.2434477941121588,0.3791983127593994,0.5344223380088806,2.697647219956523,91.0012664794922,1.8162129985935538
8647474692482204807,0.524257411987214,0.530480372282406,false,3.411474931540285,0.5643513643017055,0.9692263096768722,0.7018465829674183,0.35540911456473606,0.16710259020328522,0.8420959711074829,2.9111850743341927,95.26405334472656,1.2271447290242368
8647474692482204930,0.533302196178603,0.624130708685648,false,1.5240868280332536,0.6542828492054034,0.9917997102138372,0.28867086011890913,0.4839448408392327,0.0,0.05000000074505806,1.2859753285995636,50.80413055419922,0.4213954294166114
8647474692482205187,0.491350275020718,0.51764365970594,false,1.851244449593698,0.8824775104600378,1.8882328452502208,0.8936889889295774,0.4252415889704104,0.0,0.6150038838386536,1.8502704121849751,12.944211959838867,0.6158580884015608
8647475121441997534,0.482072314049641,0.417985730638477,true,3.8584032613934465,,1.379341897867666,0.8002445428103266,0.4903334566652188,,,,,1.3502534350432212
8647474692482139130,0.471124977683576,0.590689567510632,false,2.19924454710846,1.1372865638229763,1.7682105894410676,0.7341369700984123,0.41279467087431304,1.0,0.6354833841323853,1.3675266745114567,52.51217269897461,0.7881139137152484
8647474692482203901,0.575220104885513,0.464802896749533,false,38.03094571755744,1.1609313116973228,0.7177637381856166,0.38409869793399926,0.2170815467014488,1.0,0.7203122973442078,1.6991289878132367,152.8042449951172,3.6384001893027436
8647474692482204548,0.510590412244869,0.589500931042507,false,9.06293152595262,2.2285258395625767,1.6002151371420144,0.6242486678047658,0.3697137422726409,0.8881053328514099,0.24314914643764496,1.9020808465553052,92.52076721191406,2.204192635703997
8647474692482205191,0.49376365345604,0.536249893735311,false,1.264783491612404,0.4738295856110299,0.7927977544914263,0.7129683820246164,0.25415718991004904,0.0,0.4911409616470337,1.558887537079628,20.782228469848633,0.23490095465558886
8647474692482204600,0.550848149452047,0.507695695893014,false,1.691799521604017,0.7460508859013664,0.6703006666525538,0.24485915656700696,0.2829137489488105,0.0,0.2912984788417816,1.509100951329626,34.53114700317383,0.5257927681143697
8647474692482206221,0.512237098942433,0.549851100936513,false,0.7479233311461264,,2.314946243984714,1.181965485024012,0.484040054841663,0.7985178232192993,0.8062825202941895,0.5961661838521861,64.48997497558594,-0.29045480472873214
8647474692482204532,0.499897796641576,0.628021085861693,false,1.368097192839401,,2.13887619351461,0.5769071390742819,0.36948909915127814,0.0,0.7231475710868835,0.7055960971899706,44.839996337890625,0.3134208640738349
8647474692482140393,0.445310507609542,0.446458463255844,false,1.1888446221940123,0.4953392378057606,0.2985150213095296,0.3500240461577658,0.5188143715705062,0.22159579396247864,0.7831146121025085,2.2517513446133544,49.148773193359375,0.1729819297698631
8647474692482140588,0.475267567993015,0.603083030577797,false,0.8145191828404692,,0.7056438345855027,0.6613425562837699,0.16430280234651515,0.9167916774749756,0.9308325052261353,0.3549579643841946,94.56792449951172,-0.20515729954092277
8647474692482205160,0.490068342654661,0.629372130776199,false,1.5910787401545703,0.7515403223302487,1.0647290784473036,0.23678620515030727,0.2871341810604343,0.0,0.7018977403640747,0.8554153821685097,79.19580841064453,0.4644122391143995
8647474692482205776,0.584496339576123,0.513165275330953,true,1.297120355358211,,1.286880805004729,0.5305176427568871,0.07275718814197894,,,,,0.2601466962166178
8647475121442063712,0.498195022297831,0.415776935484509,false,1.019504141347816,0.6506798420634297,0.463675006695403,0.4404146467688217,0.2764318773845536,0.0,0.6921554207801819,0.9571734552431588,12.496048927307127,0.01931637316028331
8647474692482204779,0.486370785225495,0.524074194949184,false,4.095838657769339,0.017605695209319146,1.2866421715577798,0.8890445056537841,0.4135254531215686,1.0,0.8441637754440308,3.083230269075644,100.9359130859375,1.40997149676836
8647474692482139099,0.45572566258203,0.436484845756534,false,2.128140936662684,0.8311606726261184,0.9126308678802496,0.49331892965121704,0.2795382052221856,0.602379322052002,0.7537792325019836,0.9249581983595184,26.127588272094727,0.7552487989210325
8647474692482140521,0.463920528259979,0.533912783152355,false,0.879596713199248,,2.214784381846766,0.8307054350765455,0.2661799256524623,0.981130838394165,0.6007989645004272,0.7606537053079315,17.06287956237793,-0.12829175700786663
8647474692482138831,0.476524068230304,0.53768335808296,true,1.5347041819327425,,0.9667530790399084,0.4225626730158853,0.0430834999349268,,,,,0.4283376471139084
8647474692482205465,0.532830600722199,0.581165208431724,false,1.5530526806665903,,1.827250648004876,0.4372770601630316,0.4860048169438007,0.6615071892738342,0.05000000074505806,4.5538951050151475,60.97605895996094,0.44022246546281346
8647474692482204811,0.531120723107011,0.575152832976238,false,1.318038482999542,-0.42011654291901585,1.5693258961130627,0.8747652407424709,0.36331763086620333,0.0,0.4747653007507324,0.7533632745646467,154.65599060058594,0.276144633681028
8647474692482138462,0.471607073628212,0.517556970253288,true,88.59931948814888,1.1711734891045669,0.46507125177953434,0.15372699182245703,0.09027210305206194,,,,,4.484124176860871
8647474692482139095,0.446133681433176,0.461497451821274,false,2.348068665616055,0.7167006098083092,1.0384865489623234,0.6359789258775311,0.4066462202005217,0.3447316884994507,0.6203392148017883,1.7172930517581977,16.277099609375,0.853593145838097
8647474692482140615,0.481255504972068,0.513797943174182,false,1.6230739701497765,,1.4914197984378252,0.9252683074065288,0.4221572146751894,0.4689884483814239,0.4097881615161896,2.936438177571152,84.76618194580078,0.4843218636798288
8647474692482204203,0.535644932982235,0.538087143481148,false,9.589942820779088,0.7673720851393224,0.8473209373898527,0.27735473758658974,0.3285493123312971,0.0,0.576193630695343,2.4487446955960204,96.28878021240234,2.2607149264979145
8647474692482205167,0.490588361877903,0.576194046349465,false,1.3960261087829422,-0.05178854828600749,1.4052328169701336,0.34684554806569423,0.3665206839982153,0.954168736934662,0.5586229562759399,0.9010004425289656,70.2884750366211,0.3336297067318674
8647474692482139126,0.468693953526913,0.425242244423204,false,2.5322044614676837,,1.2634762600813176,0.477817591483894,0.27966629717474967,0.18495091795921328,0.30251169204711914,2.0001106189958975,152.35751342773438,0.929090251996344
8647474692482138821,0.468577051672083,0.538620090255585,true,12.966595651403187,3.49341488771411,1.3191633498021147,1.1982021668855571,0.6595054280915759,,,,,2.562376485185755
8647474692482140622,0.481812097986613,0.49477673844395,false,1.1342541200242453,0.5346015681020999,1.0238797342061972,0.5222030498208734,0.21035477651629383,0.9516782760620116,0.598094642162323,1.052178969286909,126.01410675048828,0.1259752719328973
8647474692482204192,0.525319888177711,0.608613081817165,false,3.2620489332682356,1.0279847493623449,0.3848871479560376,0.2536035853342459,-0.14207098940904303,0.8727622032165527,0.6080329418182373,1.6737628464746956,61.52180099487305,1.1823555050882197
8647474692482138446,0.467327493573434,0.62193673775035,true,101.76138617939432,2.332344478509392,1.0790276858899934,0.40850894622938166,0.2453833601809254,,,,,4.622630721544968
8647474692482204510,0.48318213808712,0.476870519059198,false,6.264381952541232,0.663149378318296,0.7010174107713525,0.13582342690864194,0.23115045300242715,0.0,0.45938196778297424,3.8791160390834616,168.09681701660156,1.8348799326503107
8647474692482204206,0.545983073184635,0.598643929039511,true,5.948375885748658,1.79384374843843,0.9272408136059486,0.33537119292884005,0.20840667159775916,,,,,1.783118221918697
8647474692482204830,0.572967696450526,0.530237397430215,true,0.9617078190886807,,1.5294719405444186,1.4732651972334088,0.8482077864926781,,,,,-0.0390445968104469
8647474692482139148,0.476858391958938,0.525667482904361,false,0.9844565633523368,0.2421170272559279,1.8370560434241767,1.276658555999875,0.41786496247027033,1.0,0.5035044550895691,1.435687295114151,12.792192459106444,-0.01566550239195129
8647474692482204235,0.560745477278916,0.567825600350189,false,3.1224168620980612,1.1573114693519693,0.5289283452246054,0.23812968642543905,0.06708472058816199,0.43544015288352966,0.6629323363304138,1.5530191888712872,70.7840805053711,1.1386073372341692
8647474692482204351,0.592643946343199,0.593671612172101,false,1.145762002166465,0.8331089951485992,0.9336828566022204,0.3990326535182426,0.1875261352265451,0.0,0.4989092350006103,0.6778204832414184,116.38522338867188,0.13606991973208157
8647474692482203752,0.53657899303573,0.555527917311798,false,1.632140470880341,1.4846003267369234,0.0028677750690677367,0.6684290264260218,-0.4356558699837133,1.0,0.7131609320640564,0.8486378373521747,106.53822326660156,0.4898923256812069
8647474692482139445,0.469311709871197,0.564527654811537,true,1.5019012911847418,1.1023671036614242,0.4443473661269026,0.2300089618186881,-0.22881957100004435,,,,,0.4067318329299019
8647474692482203744,0.527255563215983,0.598686280113498,false,1.8645331862774368,0.40422326877595466,0.7982951946299071,1.013682419269696,-0.25955019717289735,1.0,0.8220460414886475,1.5121955763209949,99.13226318359376,0.62301071950083
8647475121442062986,0.554823007218448,0.418418331954477,true,6.153212128669606,3.9530646855834863,1.329896668864856,0.8690676515266089,0.4838664157173404,,,,,1.8169742428132944
8647474692482204627,0.564722188072657,0.423063896656766,false,3.1338751902532795,-2.0019660264435717,1.715324234164621,0.7091239518496216,0.41085208708630183,0.9156824946403505,0.29998984932899475,1.0185015171465248,173.621826171875,1.142270318716208
8647475121978935412,0.528689537817532,0.631137910032716,false,0.9454890408121618,-1.2604406894516271,0.8940614025235225,0.5384620845306818,0.2681979490076397,1.0,0.4499906003475189,1.7479048533873125,78.80408477783203,-0.056052981842220406
8647474692482204890,0.49725360720287,0.547854302851701,false,1.1291915475961096,0.5237761435638054,0.6742031095339618,0.42431105484312226,0.6819930656631158,0.5517812967300415,0.5397984385490417,0.7426531025857636,109.05272674560548,0.12150193206640998
8647474692482139423,0.447361204619833,0.528208238505737,false,2.6432143470330014,1.2093306964977029,0.6227066111851185,0.29836824000309586,0.20639976806649143,0.0,0.27166545391082764,2.1524960645521527,32.3938102722168,0.9719957322327121
8647474692482139243,0.474668100222844,0.567979052497789,false,2.51963030993351,,1.5287599818992643,0.9084808553779016,0.43813988788055486,0.9221103191375732,0.509352445602417,1.8952354939296991,112.34291076660156,0.9241121883541439
8647474692482204528,0.498323507251961,0.563021788120532,false,3.799486527905306,0.5687156423469366,0.773476161532463,0.18364739676275427,0.22554135691443827,0.0,0.825510561466217,1.9000151542702104,112.62734985351562,1.3348659333667923
8647474692482204876,0.49237499074388,0.569313084472935,false,1.809983337019357,0.4472841164021384,0.9044607395566424,0.2534909805342443,0.39723277467645335,0.9052122235298156,0.9100795984268188,0.8562389347288343,107.39811706542967,0.5933176391687047
8647474692482205654,0.563526878020579,0.569265228027883,false,2.2217158341291334,0.994385456637793,1.0945520783356222,0.4448765111616033,0.2824954082865931,0.4653351604938507,0.30060258507728577,1.7765344995440857,71.6949691772461,0.7982797956085105
8647474692482205785,0.585489568940827,0.493131035327926,false,0.8169375672862289,,1.287883410331854,1.067871039149346,0.5359616160910445,0.0,0.05000000074505806,1.917354386262219,155.27381896972656,-0.20219260407238376
8647474692482204350,0.591475814025356,0.591931565794873,true,47.54094943110356,2.336716147832008,1.2775799260920613,0.5727723131822402,0.34602306880030553,,,,,3.8615914329380017
8647474692482204866,0.488093315962558,0.469713691095306,false,2.1640964203574735,0.15117004327814823,0.84834517477946,0.3918164832830219,-0.06931571740136004,0.0,0.8459711074829102,1.850275680272266,30.188058853149418,0.7720029165338924
8647474692482205693,0.570435534599109,0.586902422755899,false,0.9790857014901748,0.8108368062373391,0.6195930751012307,0.8480458367300607,0.6877020399434959,0.0,0.44991642236709595,1.835808910504736,167.9887237548828,-0.021136100456481694
8647474692482140410,0.446883969515022,0.550394400494096,true,1.0843577624733889,,1.0921002530712545,0.4775342639060679,0.258917437417722,,,,,0.08098788774859698
8647474692482139158,0.477683150255222,0.586103794830568,false,4.641144478346681,1.5038675717582992,1.444514561697099,0.4961664311676407,0.3105075504169939,0.9788534641265868,0.9958175420761108,1.0549495316515063,108.91815948486328,1.534960990639961
8647474692482138806,0.455672005355754,0.442224712058234,true,8.763113819156718,2.373144325850099,1.2151186041269302,0.5519410818097892,0.3219405958416767,,,,,2.1705513005956294
8647474692482205384,0.520075998740982,0.549693795029168,false,1.1695567768284838,-0.2913654704984935,1.0948347621112346,0.38234458043231223,0.35145184293441445,0.0,0.2638818621635437,2.5979993921337705,158.62094116210938,0.1566248538145029
8647474692482204512,0.4934077547153,0.595690740579056,false,3.3962309276957776,,1.4178273023864651,0.7918376969208849,0.5292867007946425,1.0,0.7146932482719421,1.5852865245607164,48.98045349121094,1.2226662660476293
8647474692482203694,0.511605142769122,0.568788530032436,true,220.6183001781372,1.7449125962457046,0.7365318260775516,0.2898239785386039,0.1880947208323374,,,,,5.396434059761926
8647474692482139251,0.478907987895026,0.567280528331678,false,1.9721792502123616,1.1294529403014593,0.9776221048663774,0.24659259211642515,0.3851346212897437,0.7033174633979797,0.8069521188735962,0.9251518381966484,131.55105590820312,0.6791391497231118
8647474692482203799,0.543041640705557,0.541146102204698,false,2.293557188539389,1.2388603003509098,1.162526503292649,0.6783416758273547,0.20739785725891388,1.0,0.6684754490852356,0.6105603669026886,103.54852294921876,0.8301039697951816
8647474692482204146,0.516174510114804,0.604950143604723,true,7.211602963017862,2.2886599775223844,1.3321855031573089,1.0102313335907007,0.5535967301133277,,,,,1.9756912515541278
8647474692482205008,0.584661507421897,0.549794503036431,false,1.102140457343599,0.11876137819232167,0.4537507148397099,0.5459810313078239,0.22798070965877512,0.7864855527877808,0.8167182803153992,0.8080327751660588,107.52948760986328,0.09725415936342766
8647474692482203931,0.579903114503516,0.519985053736137,true,150.63913188840104,2.076270827010861,0.8983403211090701,0.31984474743565794,0.1758249623179774,,,,,5.014887121509675
8647474692482204309,0.581571053947554,0.513762245542541,false,23.90932120910171,1.812113458508484,0.76621842303855,0.37840416011364697,0.21102309736008495,0.7750429511070251,0.6281340718269348,2.3274724230621797,76.53703308105469,3.1742683916528467
8647474692482140613,0.481169164640507,0.55580239362866,false,1.1043321369799062,2.3073950588803975,1.1863978614859154,0.4572671064371502,0.22494591321246032,0.0,0.7063808441162109,0.898102241935152,95.39576721191406,0.09924075132268699
8647474692482205731,0.578188157847835,0.510928503492568,false,1.4334558877543775,0.3401618477121894,0.7980676043134269,0.13917099748136152,-0.2058819829643468,0.0,0.323995977640152,2.460496443690676,87.15663146972656,0.3600882334606761
8647474692482138394,0.452527256837755,0.53015288327052,true,39.34355365159158,0.8585449733775283,0.2783471466930439,0.08799353299382312,0.050962011767177344,,,,,3.6723321406451386
8647474692482204164,0.516134327619902,0.485126172090339,false,25.34524623940403,1.7508810058786626,1.383930563707625,0.5293138445937035,0.33960745284426896,1.0,0.6362771987915039,3.5445130232608677,107.17526245117188,3.232591187379348
8647474692482204820,0.543329987871961,0.554991506181912,false,1.5679329463978746,,1.2011027764946731,0.7248617784446654,0.44786516081351946,1.0,0.6056618094444275,1.1805377223274924,115.7690200805664,0.44975815723695406
8647474692482203843,0.558895457757753,0.620762925500893,false,3.3279485454287694,0.9371256757651444,0.14277570076759125,0.274463709592658,-0.01258109823986611,0.0,0.6749008893966675,2.4987225881730666,45.825462341308594,1.2023560617302942
8647474692482204338,0.586940657189743,0.47026056914408,false,0.9270464090352568,-3.0052761472245604,1.5354396735390587,0.9722874894596718,0.3758749792401387,0.8019830584526062,0.49996417760849,0.49076951814420294,71.7564697265625,-0.07575165098522263
8647474692482204210,0.550218053019934,0.590713361455815,false,15.87050933745316,0.5649946260248168,1.1664725984300677,0.4315795078482591,0.34367059786555065,0.1040150225162506,0.7309424877166748,3.5376335033262616,11.400879859924316,2.764462628380782
8647474692482138835,0.478479898297757,0.500398742807815,true,24.85919218600011,2.459791721816682,1.3298650616249743,0.7997847389280085,0.45226528775427294,,,,,3.2132275910252464
8647474692482204520,0.497048199794327,0.491071442443653,true,3.6675216274544233,,1.3605044606365126,0.773861914755566,0.4435679148859171,,,,,1.299516128074033
8647474692482138501,0.481210387784811,0.517019290202509,true,222.1338331665347,1.2009239580961233,0.4663582812157619,0.15106654829959357,0.08457498257293133,,,,,5.403280052331458
8647474692482139107,0.459989089072441,0.442407762289169,false,3.079026974729497,,1.2942985186405518,0.5769674848088505,0.3600963696039192,0.9920151829719543,0.7352633476257324,1.0271150656420776,0.03111019730567932,1.124613629777484
8647474692482204390,0.602977500974335,0.479263630008059,false,6.858663448897165,0.7115486421422375,0.8834058227322845,0.3386157303981782,0.12798798948754195,0.5134832262992859,0.46107447147369385,2.228057143664119,120.22712707519533,1.925512590233193
8647474692482204797,0.505997391945214,0.500456294077033,true,0.5437438640717515,,2.012412963693623,1.5376100962242103,0.8458880633096554,,,,,-0.6092769811086577
8647474692482204913,0.524575958128055,0.594330551377491,false,2.409921422135876,0.2892271455213493,0.9502085506624872,0.3765939133381368,0.14676256456875728,0.0,0.401685506105423,2.1133875907069504,160.28648376464844,0.8795941420481385
8647474692482204106,0.498880944535307,0.469060263974846,false,13.234376796314514,2.3268635013956582,1.3622994560342678,0.4744356649198818,0.3948524499241153,0.7977797985076904,0.3134760558605194,2.847714255554507,92.42330169677734,2.58281774702334
8647474692482204874,0.492305846304569,0.499247791276007,false,2.058241342292604,0.32195193575505743,0.8202256759907506,0.3571416064925711,0.049716534558888525,0.5049625635147095,0.7347320318222046,1.7885001319827454,144.42257690429688,0.7218519008436206
8647474692482138474,0.470132668118671,0.541804262601498,true,1.6888782469556276,,1.369482632622674,0.75313060994097,0.47674409874916335,,,,,0.5240645493514648
8647474692482140441,0.451387403328349,0.626286652277404,false,1.7372434679887068,,0.6909138955959929,0.4466295951535817,0.6332319907662346,1.0,0.412360817193985,1.4462719360987344,151.85186767578125,0.5522996432332676
8647474692482204281,0.573400277624928,0.474496213652227,false,9.237458322792964,1.6860117874091824,1.254643298728535,0.42440661488064046,0.2960723288678906,0.8169727325439453,0.24199603497982025,2.903240798699735,177.42575073242188,2.223266774523191
8647474692482204586,0.539133095805008,0.612272555674157,false,5.1740680319681545,0.7927655709557099,0.8097149237216863,0.13045317656453814,0.28563439136138163,0.12162716686725616,0.749919593334198,2.552191416422526,54.91074752807617,1.6436592324922659
8647474692482204786,0.489945849826964,0.571018030752697,false,2.9600378910611544,0.8150675850829849,1.8444478360716192,1.0604078819588787,0.4074226914220165,0.7669777870178223,0.4787523150444031,2.303714553515116,147.8706512451172,1.0852020692882103
8647474692482204947,0.546736127379748,0.61550894847877,false,1.1705807437785896,0.3660733820039754,0.3027633098394013,0.8393593949992069,0.07028195979251749,0.903730034828186,0.3994189500808716,1.1705788548546607,101.52005767822266,0.15749998786661737
8647474692482205563,0.550084245647612,0.495140193642162,false,1.7799489952015508,,1.3954117617275528,0.5375329702347968,0.523945557934455,1.0,0.6501205563545227,0.915211710062894,103.82421112060548,0.5765847095122979
8647474692482204929,0.533080202161265,0.626391267755349,false,1.1351974868241144,0.3496229789780664,0.7119830709133672,0.28318029611835066,-0.34976049217096505,0.0,0.05000000074505806,2.485088627747815,57.01954650878906,0.12680663299947145
8647474692482204802,0.507488407562086,0.581637958673286,false,2.023456846621526,,1.803287868822374,0.7671562059131489,0.35049817392658583,0.8754438161849976,0.7469528913497925,1.7885880337821112,135.66676330566406,0.7048073589989045
8647474692482204869,0.48767199394337,0.475565470848543,false,1.432812609097746,-2.334637325145795,0.8315946667405903,0.22378882103351155,-0.014177114444000645,0.5577599406242371,0.6738693118095398,1.0850492751959595,93.07765197753906,0.3596393720451189
8647474692482204087,0.492247954306588,0.480558218013693,true,34.79354985197883,2.2616188479630224,1.2155424812303377,0.6003919411041675,0.3694929126538252,,,,,3.5494320205200967
8647474692482204321,0.589822242257031,0.600442587476965,false,7.980253751612253,0.8143063986674013,1.0567428114682396,0.3856587647023834,0.37361989145071217,0.014041599817574024,0.5086697340011597,2.207809174903715,54.719669342041016,2.0769702094038083
8647474692482205181,0.49239313832679,0.48873182758825,true,1.0429561324266063,,1.1856701003425172,0.4476442696134993,0.16039042400857095,,,,,0.042059116099236134
8647474692482138816,0.46674772428948,0.518940617706678,true,13.647480626484652,2.280433339318081,1.279491252802735,1.1944711504161347,0.6602559795129411,,,,,2.613554935107621
8647474692482138861,0.482604173177599,0.60096575886083,true,2.987643250628122,0.28959487273301954,0.342370756585238,0.1693211465163134,0.40687030741301333,,,,,1.0944848661091096
8647474692482203749,0.537991020005572,0.553256669765593,false,102.22347504690391,1.7356508323565225,0.8490617860725415,0.3852989245248142,0.2985483769234022,0.969158411026001,0.4398044943809509,3.014071120156182,94.26512145996094,4.627161348525389
8647474692482204225,0.556999287113803,0.567633503183268,false,8.074935751514023,0.7686873490117564,0.7706776090211077,0.3163656491167513,0.44380139517147865,0.0,0.5608344674110413,1.6507027727184873,152.82308959960938,2.0887649126082155
8647474692482204261,0.570889808278271,0.454965097425753,false,2.22385241235456,0.4447256594277168,0.8376393290934023,0.33058328651102215,0.3750321991090105,1.0,0.3738946914672851,1.1197971274154357,162.63858032226562,0.7992410128349572
8647474692482203751,0.543354433062246,0.551350898291613,true,0.5730528289010001,,1.7989417909399756,1.3417328388218963,0.8482298443782962,,,,,-0.5567773694823788
8647474692482138808,0.459194019496699,0.44717165722168,false,3.971963342372314,0.7653024746066569,0.6786812186137713,0.14306790106959494,0.2888676151293656,0.18025878071784973,0.6227918863296509,1.757531605585657,81.07203674316406,1.3792605171303471
8647474692482138859,0.481794722498428,0.585029817785644,false,4.134282693396674,2.344289635235497,1.3267631272714877,0.5880354379886098,0.3426851860571568,1.0,0.3435322642326355,0.6493074875889402,61.64533615112305,1.4193138414558681
8647474692482138497,0.480384259859635,0.455117968823844,false,2.3690254704874785,0.6348556414804658,1.2369298825271924,0.5065636653967974,0.2009477208319571,0.22638696432113647,0.2517876923084259,3.1696651319060662,134.808837890625,0.8624786766965115
8647474692482204171,0.515921571883763,0.585796608552946,false,6.329907258218736,0.360507626590281,1.0059317376712833,0.3955511127282428,0.267345768877512,0.3203809857368469,0.7824239134788513,2.0114750874162923,134.35076904296875,1.8452855848984768
8647474692482204177,0.517242518531823,0.49283802202386,false,7.619931174395119,0.690611950942619,0.32565109591525,0.21257629289219485,-0.08700305281039902,0.0,0.434382051229477,2.0893506630502565,87.80748748779297,2.0307673374261523
8647474692482204260,0.568579345034032,0.454434352799741,false,10.023998303975468,1.3464480153499905,0.6247846725903667,0.30479109160196793,0.1788180513462288,0.23045404255390167,0.3994643986225128,4.229300852977868,40.26765823364258,2.304982048397371
8647474692482204849,0.517454643164465,0.562967808628639,true,0.6196187544460934,,1.3187280169361784,1.040130520443738,0.2345945603089767,,,,,-0.4786509022627557
8647474692482204873,0.491979428154497,0.525716010736127,false,2.5657476504029044,0.32439207393397373,0.7589313313752837,0.188738095625411,0.15243652498928426,0.0,0.4091613590717316,2.089402440822486,27.362075805664062,0.9422499177887724
8647474692482204889,0.496828812435907,0.551073884132968,false,1.3680752322678524,0.1267809777095046,0.7973692064977711,0.43508016297720786,0.02822704636859303,0.0,0.6495994329452515,1.192383167117533,148.2209930419922,0.31340481203607035
8647474692482203688,0.501188675235609,0.559609854545393,true,9.695270224862083,0.4176611825633981,-0.09987205902698396,-0.14304696314792015,-0.15694540341768773,,,,,2.2716381609067056
8647474692482204793,0.50279696868386,0.580899648130438,false,1.9556868052696297,,1.372426334690723,0.9277634242038136,0.5691908533502641,0.22251006960868835,0.9434939622879028,1.5304275233336169,150.60153198242188,0.6707414387867472
8647474692482204590,0.541642887051084,0.515883391160854,false,2.67702045960562,1.0030580804163556,0.6329591942301521,0.3038673827172916,0.1781899077080767,0.3317616879940033,0.9826861023902892,1.3185563412579622,75.36546325683594,0.9847044072455134
8647474692482204659,0.58909343855007,0.611664077894273,false,5.3871291972004824,0.6214887134897633,1.0634628144498603,0.5194949750520546,0.3471182737732958,0.4198687970638275,0.4448785185813904,3.953799454852788,27.018102645874023,1.6840126265555027
8647474692482139457,0.47658768883542,0.476685511735988,false,3.796511534754147,0.35392808044781404,0.481817078362964,0.03383422446549763,0.05992497464168289,0.0,0.7724482417106628,2.637286679913299,85.07499694824219,1.334082627926551
8647474692482204129,0.504300498949106,0.520857493916925,false,3.0104919433938773,0.4910159509949856,0.8106860889775743,0.26441794044393796,0.26802065904702715,0.0,0.7458004355430603,1.0055101128539654,139.86817932128906,1.1021035017500012
8647474692482138867,0.481951142175308,0.469153741147188,false,1.2009112344915605,-0.06294298358351737,0.8581587249785853,0.6320332028131779,0.3304501869451128,0.0,0.8455625772476196,1.4852998834667783,81.03199005126953,0.18308063070074765
8647474692482205304,0.507384859589014,0.600033632401071,false,1.8789636711374476,-0.3286303251462327,1.392889728724661,0.5636426601486366,0.5006985843927113,0.0,0.4259994328022003,2.0500258965925737,106.14087677001952,0.6307203860972406
8647474692482204117,0.5023033819556,0.609079574734542,false,5.421359507892883,1.3463123619076602,0.6843333405983978,0.3371789923285782,0.3326169420473112,0.9587299823760986,0.9222119450569152,0.8444396233317828,76.02349853515625,1.690346615713094
8647474692482204123,0.501353561098965,0.453063518761808,false,1.4284905397929069,1.1211738483289648,0.7115459603331714,0.5356861221786708,0.27025770009680194,0.0,0.6934844255447388,1.165706476177832,47.910152435302734,0.356618320190673
8647474692482204137,0.510939392345505,0.455416030956008,false,12.781250770821574,0.8880683606362054,0.4979692065313679,0.27671226997911796,0.10396666655101856,0.08585444837808609,0.47053825855255127,2.5085578061113454,135.64659118652344,2.547979313551852
8647474692482204921,0.528878583531832,0.6165335651724,false,4.4495622168350515,0.4232981388136141,0.7413650883708888,0.3754198457989348,0.20828179030388624,0.0,0.8196098208427429,2.560180546057345,86.4575424194336,1.4928057130993782
8647474692482138477,0.467600640544599,0.548703244497461,true,1.677828975567382,1.1850753979017608,0.5122351057923025,0.2024922653686245,-0.0990671339707005,,,,,0.5175006812579158
8647474692482205261,0.501933880920013,0.622422741165667,false,1.9854683030180824,0.32650190805533824,0.6051996521177743,0.1149808704113286,0.048012517715711855,0.0,0.1822131425142288,3.699716895517677,137.6438751220703,0.6858548072301013
8647474692482140602,0.478925806498446,0.603826322810071,false,1.654323656498458,-0.35774533457543656,1.00274452663032,0.6826153079069134,0.3078848880308146,0.5003758072853088,0.4812423288822174,0.977811412979858,20.161527633666992,0.5033922585337018
8647474692482206261,0.536711632195164,0.581043499448013,true,0.5387078337849366,,3.329157370457425,1.1273047506907343,0.3243568789918247,,,,,-0.6185819073836801
8647474692482204938,0.536995769766854,0.535679684998186,false,1.5212137324072723,0.3003129644796496,0.7404898235810484,0.5398321778866537,-0.15723527315666677,0.554362416267395,0.5380317568778992,3.0606500428132337,158.9204864501953,0.4195085243828333
8647474692482204563,0.516428851544079,0.588875843155291,true,2.3038415348210464,,1.489748010011577,0.5482763574556202,0.35810077187252454,,,,,0.8345779621788334
8647474692482204950,0.549415134933484,0.562557980750015,false,1.715382223118586,0.4464614978574073,0.7096118091188253,0.1682073827766454,0.19771281731444773,0.0,0.6310381293296814,0.9541368544703782,160.31468200683594,0.5396359264090176
8647474692482205335,0.512102878667283,0.60032663899127,false,0.6627408823572083,-0.07574607967401961,0.9032911118332222,1.0676515817349794,0.9773858492637924,0.0,0.05000000074505806,0.6875626065514304,42.60455322265625,-0.41137119119589055
8647474692482204207,0.548942680102083,0.513895415097478,false,5.075248753940601,0.46249230889313375,0.668867122468191,0.22924277865538115,0.11187631057608947,0.0,0.6139003038406372,1.871904038419627,38.84845352172851,1.624375539281426
8647474692482205797,0.587248682700752,0.607357615515419,false,2.4136895958820697,0.06158334460121926,1.3521921659470262,0.4545328752111817,0.4207304776989888,0.0,0.2229553908109665,2.751557212887388,167.0480194091797,0.8811565294374386
8647474692482139241,0.461471443800679,0.427984871742839,false,1.2821989726763512,,2.268069320848495,0.805184899024344,0.3747327918913562,0.9033633470535278,0.7455073595046997,0.7419630584090646,100.8958969116211,0.2485765513511943
8647475121442063280,0.487260668872365,0.415892830259268,false,1.5261589519861176,-3.312874658022861,0.8737322757045289,0.7634478815997565,1.158032485509903,0.7293880581855774,0.8676096200942993,0.5125777062141533,134.41331481933594,0.42275408994501346
8647474692482138813,0.461283374954056,0.449674472759786,false,4.0577794586561575,1.1579841659385846,0.5194687590219522,0.28105229056234493,0.13510272346512772,0.0,0.25672751665115356,2.825458242435648,78.36920928955078,1.400635892626646
8647474692482139101,0.456396968730705,0.589388648328275,false,7.418100934373103,0.5827056500438477,0.9892481423235728,0.3304711957238037,0.2612653274214478,1.0,0.7267360091209412,2.7440554565853543,152.5177459716797,2.0039230856576413
8647474692482204907,0.515810843429771,0.594857549665632,false,1.2691963766398673,0.6956269725311464,0.6823940588599827,0.7649700897106323,0.22144328536223984,0.0,0.6721171140670776,1.6384997753181842,75.93199920654297,0.2383839258850308
8647474692482205015,0.586783754114427,0.573689048804534,false,1.799106909228183,0.3702348794181965,0.7744756543528105,0.45525564906974336,0.19321646564491393,0.11604084074497224,0.7280724048614502,0.947729731448973,134.86668395996094,0.5872903802333543
8647474692482204074,0.486106242075072,0.491912884699805,false,55.51898056782272,1.8545366964347467,1.1005437889022494,0.4404097679004877,0.24205084877215055,1.0,0.6883889436721802,4.581183797181255,156.7618865966797,4.016724954499404
8647474692482138448,0.468274497962794,0.619798102508109,false,2.609085937431256,0.46808983282646144,0.6598015684700325,0.278516777239054,0.22873262750127749,0.7688198685646057,0.6123756170272827,0.8210736242207614,47.40684509277344,0.9589999444512367
8647474692482138810,0.459624808068576,0.534585324652593,false,6.651039833380399,0.1822484610707049,0.6097204237825451,0.22383050099483,0.027428168101158806,0.0,0.8617792129516602,2.0005772210130788,168.35777282714844,1.8947732083657507
8647474692482205438,0.528271280678707,0.572838925518156,false,1.0930357031743771,,0.9864293089101422,0.6291506432933374,0.0556068445315582,0.8613114356994629,0.2224741131067276,1.1525084876050853,136.02964782714844,0.08895887396225363
8647474692482205225,0.497421923852345,0.451832034393526,true,1.3697867412543796,,1.0856847476952298,0.40428381689840215,0.2218362802694853,,,,,0.31465506440527075
8647474692482203691,0.50256761626812,0.536201459897684,true,85.42121862451584,2.180442296602686,1.0485922169818518,0.44159011468519344,0.27164324965867837,,,,,4.447594531578426
8647474692482205451,0.530671165919522,0.599130241292717,false,1.418425474442481,,0.7046237987543978,1.0126500719729434,0.2337493788573451,0.9833728671073914,0.5954884886741638,1.8349750475449995,11.207745552062988,0.3495474356014111
8647474692482205589,0.55270617190285,0.574535936006946,false,0.5905718149596436,-0.22092419992955897,0.6276380509701585,2.833254700029016,-2.4191006182319637,0.0,0.2387204468250275,1.4301278073378283,95.01547241210938,-0.5266640335343384
8647474692482139250,0.48103358480726,0.567708738778561,false,1.457845036327955,-1.8928976555309152,1.5891124436282087,0.9978813981371562,0.3841536595231764,0.47185519337654114,0.7999582886695862,0.9996344645818074,2.383004665374756,0.3769593428403806
8647474692482204322,0.587727999104391,0.603923660456025,false,3.979709236622492,0.6951169611480129,0.8523166726494737,0.5931514236076982,0.3300240906007408,0.8890933990478516,0.6368749737739563,1.4357059591948382,148.73353576660156,1.3812087605026155
8647474692482204910,0.519501066798317,0.577846194777953,false,1.5017062538262986,0.3903895738042809,0.6910879311878202,0.34568209220982193,0.0007757846796086799,0.3155331313610077,0.477876752614975,1.229104068544176,159.72854614257812,0.4066019641931948
8647474692482204992,0.578404485361308,0.515490065967687,false,1.204684019068929,,0.6951529112953237,0.3605844490966314,0.19726199983821613,0.38503023982048035,0.5905454754829407,1.4600675515454224,90.7240753173828,0.18621730771661058
8647474692482203829,0.550066534466065,0.548181415887026,true,16.10352396286902,0.8489475016198275,0.13013607248502024,-0.006962807579933597,0.12487202203602456,,,,,2.7790381277210603
8647474692482203833,0.556725321050841,0.425393523795548,false,32.25521537769112,0.823780889835457,0.33800216702131,0.1978361474085237,0.07644230950654991,0.0,0.9032161235809326,2.69004251017715,8.096020698547363,3.473679747304684
8647474692482138800,0.44780826760568,0.446153616760924,true,3.9308426248513766,,1.436585953629226,1.341810653758538,0.7337278364180347,,,,,1.3688538112581115
8647474692482204142,0.509356500813615,0.622642942580482,false,1.312891683345617,,1.6570503941992718,0.5787908621436639,-0.09264228803723842,0.5213539600372314,0.34096840023994446,3.370343735723784,152.4373016357422,0.27223209636982165
8647474692482205266,0.502745005030588,0.449670951336466,false,1.473585961349558,,1.4880943723583435,0.47670205745089256,0.5331004513507854,0.9522089958190918,0.7134741544723511,1.4631743683959495,15.17500114440918,0.38769885970205287
8647474692482204336,0.58851501203955,0.470318670950404,true,1.391370361443926,0.9565621005419646,1.2456187263720335,0.6558476273308759,0.3317282137489903,,,,,0.33028913303281165
8647474692482204623,0.558100918577519,0.562585534460802,false,3.931368450690252,0.03440180367032499,0.8277885074090302,0.2163311311974268,0.25898826452641255,0.285636842250824,0.5213614702224731,2.2142386496669113,84.3580322265625,1.3689875715539386
8647474692482205134,0.484520670870955,0.505016601058994,false,1.1726943420681064,-0.29752370182084953,0.7118652439789194,1.323519311405322,0.619137749619972,0.8583282828330994,0.33853933215141296,2.227898047427938,31.944644927978516,0.15930395776795284
8647474692482204186,0.515790151291211,0.581763991387443,true,1.1626403329846915,,1.809249526710448,0.8915832954607478,0.4120470165783997,,,,,0.1506935677396896
8647474692482205146,0.487728549881777,0.569526706297941,false,1.5356404502931835,0.937246685824204,1.389605343924118,0.2303511358670421,0.6779736045059157,0.8526272773742676,0.5775287747383118,1.3628880483935577,35.83595657348633,0.42894752548367493
8647474692482205383,0.520116590781777,0.475632857933136,false,1.39295618997799,1.164730899878077,0.5993902229074788,0.16264261025825216,0.4501740650606002,0.9128488898277284,0.5842126607894897,0.6083419377153569,62.95182800292969,0.3314282441796215
8647474692482204961,0.556584799811381,0.511406161571017,false,1.484232506495485,0.7268304736809666,0.3367765303642779,0.07649674205996783,-0.2863057723256726,0.0,0.34798961877822876,2.0816983899684867,85.98096466064453,0.3948978080088999
8647474692482205291,0.50506619199913,0.562394686073171,true,0.9073126761721698,,1.5734388087267115,0.6879146008883998,0.35751482362747317,,,,,-0.09726815159127854
8647474692482205480,0.535367153442734,0.583998312664318,false,1.225405408712227,1.4687885433123578,0.3850988928135515,0.21229905016319991,,0.2941530644893646,0.8852658271789551,1.7854506620252977,112.19109344482422,0.20327173513371163
8647474692482139112,0.464594573666462,0.587651260642439,false,1.057374310629544,,1.8611913763734311,0.8545537577177795,0.22145364621992183,0.5128570795059204,0.7996670007705688,1.163897264485407,135.760009765625,0.05578876967780858
8647474692482204077,0.486788610159126,0.486102838344778,true,7.361509186639681,3.190691249391193,1.276813395580161,0.6444793606280663,0.3540900421359429,,,,,1.996264964252953
8647474692482138799,0.446522897739645,0.519706354396837,true,5.303137584189081,2.0922390265669084,1.2627373094453074,0.7476537709114376,0.4102556282292996,,,,,1.6682986424137765
8647474692482203686,0.496363799926232,0.461600150490147,true,13.753347269786849,0.8767477262621561,0.32489081297140365,0.10625513449704033,0.05992309735768601,,,,,2.6212822322890865
8647474692482203831,0.551372677037074,0.595154960552682,false,17.30194004439358,0.920940168961862,0.28307424609233095,0.25726574015650566,0.07225070502963016,0.328012079000473,0.9384964108467102,1.3669369497684516,79.06381225585938,2.850818636510795
8647474692482204122,0.502673460383752,0.458372338007753,false,2.0937452218104684,0.6432698228049637,0.7913301956658587,0.22481063248658203,0.21866571116437264,0.15954743325710297,0.4084473550319672,1.490037248592184,24.32923889160156,0.7389544344682621
8647474692482206314,0.567800006049024,0.54962634751977,true,0.3134006960920032,,,1.699254727580406,0.9245102205066582,,,,,-1.1602727279650342
8647474692482140418,0.448062239772263,0.502392009398505,false,1.013147550903001,0.020527428969816255,1.0897364804100915,0.41687088073989703,0.18693369117701852,0.0,0.35184741020202637,2.3049492426592892,15.802647590637209,0.013061872016898827
8647474692482204253,0.566658299512292,0.609712558129527,true,29.089802907741312,2.528726335557963,1.09002562422368,0.42992959593893143,0.27806773310442173,,,,,3.3703876972260387
8647474692482205807,0.588811550123869,0.533049420119955,false,0.911060852789765,0.8133795735423474,1.0129979313722657,0.9414686424112853,0.16642365577825757,0.26317349076271057,0.6320844292640686,0.958303234191856,2.722923755645752,-0.09314558615967657
8647475121442064014,0.490518695435411,0.418315636642537,false,0.5802706384080504,-0.46587500422891626,0.4284587419085016,1.1299034598676152,1.0907236652146572,0.0,0.4379183351993561,1.0880848223512822,12.057549476623535,-0.5442606663290568
8647474692482139248,0.477000000844884,0.49229818010786,false,2.827933850330236,0.5572527506131744,0.9892484334796672,0.7980985849377814,0.2974438168092274,0.0,0.9060299396514891,2.562329022571294,45.02225112915039,1.039546356788418
8647474692482138826,0.476967586294288,0.555614741041793,false,3.6550170269550746,0.8893170693274257,1.0263250875442298,0.6322168111237838,0.38699371990960585,1.0,0.7672661542892456,0.6194530863954563,107.63289642333984,1.296100751728531
8647474692482203798,0.543164846881645,0.539053013837208,false,57.59621282277443,1.6064854230266097,0.779422270768781,0.3813671984287381,0.2820007288315832,1.0,0.9899559020996094,1.8804509832401468,104.2994613647461,4.053456815935635
8647474692482204651,0.586559987636151,0.448760980638304,false,5.489594241939714,,1.535335584498452,0.5400726366322054,0.3430820222413353,0.9083387851715088,0.9998111128807068,0.7749152454462918,54.65069961547851,1.702854344218065
8647474692482205374,0.519001920988051,0.554387808675439,false,0.992768660287838,0.46988200262877966,0.7621944315855731,0.8874890168872178,0.01390642809394289,0.0,0.5766773819923401,1.8731036571541215,121.63168334960938,-0.007257612584510274
8647474692482204948,0.548338123220612,0.543713552141865,false,1.388159415113687,0.6632587447318213,0.6064145398167116,0.5825555266037887,-0.2874947798496057,0.0,0.655089795589447,2.15854879581567,56.800655364990234,0.32797870787696476
8647474692482204166,0.519187314358628,0.485362533783386,false,2.5465477379721952,2.0247453783457545,0.9070777337360084,0.3756807713423688,0.4508391693938991,0.9024128913879396,0.38623377680778503,1.3939003751735497,97.75889587402344,0.9347386136707142
8647474692482204201,0.531528070211726,0.535587329041659,false,8.910643122478216,0.5369988944911815,0.6965086229252428,0.14208186486275043,0.2540363256277785,0.0,0.6293286085128784,4.455467667242493,93.76490020751952,2.1872464187295293
8647474692482204147,0.513074237609746,0.607950731967262,false,80.50268114807486,1.0194560082090984,0.41281532225805107,0.2414269550073676,0.12974854519176593,0.0494859404861927,0.8056073784828186,7.285099438946657,170.43771362304688,4.388290490057145
8647474692482139447,0.470042192044952,0.421385517988553,false,3.106968446369096,0.8461059891112022,0.820598405176913,0.23314564154915648,0.30052017004194154,0.0,0.5888370871543884,2.6559637050436,119.31360626220705,1.1336474747008591
8647474692482204226,0.557454393312491,0.570743903556927,false,0.8342079239140828,,1.395697941669397,0.7245838691462452,0.453198574586831,0.0,0.7283899784088135,1.0617247434577557,137.7291717529297,-0.18127259844627713
8647474692482204593,0.546059040591451,0.518189362827963,false,3.227542902065591,0.5864245687645725,0.7477328027370189,0.3603023157747582,0.24773377872987956,0.438953161239624,0.7508114576339722,1.7592806105661871,165.24102783203125,1.1717211363119997
8647474692482205566,0.550556740762227,0.497713786767773,false,1.4736698934783423,0.7716809790402214,0.5085524043241298,0.05604499267378754,0.315960446221874,0.0,0.19203831255435944,3.276616334915161,75.42655944824219,0.3877558158218749
8647474692482205221,0.497280610376547,0.558510713926388,false,1.6650527904449437,0.8690613394715438,0.8730842266033518,0.41035053884287515,0.17520784622191032,0.0,0.5898371934890747,1.1155374272905214,58.72723007202149,0.5098568289027225
8647474692482204233,0.557216433719059,0.429631709502411,true,4.302735268039421,,1.2118282003925005,0.7787201888146583,0.4447484615346772,,,,,1.4592509293144178
8647474692482138395,0.451630928717644,0.531883422811862,false,2.52596089119873,0.9065277163822264,1.1544283757882023,0.8179827228313178,0.3020408679028299,0.5009663701057434,0.980261504650116,0.7988328885550451,103.93197631835938,0.926621541305962
8647474692482203697,0.513021822448888,0.535637615906619,true,116.69636842253978,1.375736000901221,0.526973120721326,0.17797049870426226,0.10512458103259606,,,,,4.759575419892624
8647474692482138447,0.469249472322715,0.61971404489138,true,9.480209716258289,1.1448757896075878,0.5038368159915326,0.17208742924243034,0.1192443261470552,,,,,2.2492064379904173
8647474692482204120,0.502588635707702,0.456381407842832,true,5.508885657080756,1.374028404547793,0.5725156778354452,0.2218654841986454,0.2036309718860937,,,,,1.706362362617301
8647474692482138823,0.471924666399912,0.611558817885081,false,6.472159420231659,0.9967210997699998,0.8028391512478644,0.3126864374384959,0.1808136808301039,0.0,0.7561176419258118,2.2886135060377795,54.24360656738281,1.8675098117506663
8647474692482139132,0.471878045306419,0.589485663708605,false,2.901454776323088,0.9254159758782432,1.0466660871663018,0.364122467351827,0.2578659960168585,0.0070338924415409565,0.42799320816993713,2.7654158948647853,4.562669277191162,1.0652122582175934
8647474692482140917,0.476390126580638,0.519414388456047,false,0.6851475921845617,2.0943389261070564,2.037943067838562,1.227030620366839,0.2893879428741886,0.09082870185375214,0.46215006709098816,1.2677095153115012,0.031102804467082024,-0.3781210008855838
8647474692482204340,0.589788041817768,0.471364429611692,false,2.0436730851706484,-2.990570106484497,0.8011448973034118,0.1647064770945341,0.10282216291971276,0.0,0.9992915987968444,2.128402241552719,93.27864837646484,0.7147487207879766
8647474692482138455,0.468849661533883,0.533099962111867,true,369.6865616397126,1.0310393905594524,0.37146824146142254,0.11354284119465773,0.055673471875188875,,,,,5.912655515916805
8647474692482204214,0.554558178728684,0.589246945448189,true,2.2956242043568316,0.0015089036224108078,0.1346990800559565,0.8167790770381511,-0.87784112203494,,,,,0.8310047910006457
8647474692482205363,0.51722259177413,0.574956183807388,false,1.5729062171934336,0.5708998802823652,0.7832520862528082,0.5610173530422353,0.19655747840488577,0.0,0.8196286559104919,1.6080577566166117,172.39276123046875,0.4529250019513097
8647474692482205171,0.491937555443538,0.566342802506714,false,2.1014078499046143,1.121948544405963,0.6154503333031921,0.4035973235281736,-0.1331629730398817,0.0,0.9514382481575012,1.1860327889220883,101.60148620605467,0.742607524825004
8647474692482204107,0.499125477004673,0.467032155770577,false,2.5585642191655995,1.0181154563925203,0.985689629854382,0.4196621331124646,0.3987456653614911,0.0,0.8299437165260315,1.5130091195154671,137.45558166503906,0.9394462492667821
8647474692482140568,0.473532879281774,0.573611047095976,false,0.9331566818936337,,1.0999160563754362,0.9889547200295996,0.44570195638518856,0.0,0.4112566411495209,0.8159985747000184,20.98246192932129,-0.06918215880034288
8647474692482204284,0.574178206697831,0.594488327255537,false,20.22641237360275,2.137830774470859,1.2560270031551193,0.47209828036520657,0.27224384382148337,1.0,0.7356712222099304,2.671734251157202,167.3997802734375,3.006989293564573
8647474692482138818,0.468488361487019,0.432269650009263,false,6.371057863680181,1.2686990495185453,0.6071679814053915,0.2290862235930256,0.1816096815750859,0.5720864534378052,0.6998457312583923,2.574020262920495,66.65516662597656,1.8517655254475538
8647474692482204825,0.556573560797768,0.515542836963492,false,1.4877229737577802,2.0734291631572543,0.9052654849706036,0.07801498623550182,0.7468895130139938,1.0,0.35410529375076294,4.82703068039634,85.32389068603516,0.3972467455285746
8647474692482140599,0.478192638777838,0.489068360179188,false,1.1214679460208412,,1.5552048417441764,0.8041686064238636,0.3713071909247954,0.0,0.8744354844093323,0.7847959194520506,131.5078582763672,0.11463849322401054
8647474692482204099,0.49901324800138,0.506972082005359,false,25.91472450408138,0.9765674427172588,0.5248861914184123,0.2612137582973003,0.14022847664604446,0.012501261197030544,0.6068256497383118,5.666392018096615,174.79994201660156,3.254811320833914
8647474692482204212,0.552369578887101,0.579946023868062,false,7.774803557395829,0.7721157329630668,0.6925778724787991,0.29142670245116326,0.16648687358621478,0.16885432600975037,0.4735240936279297,3.3414150127256756,75.3603286743164,2.0508881918163118
8647474692482204891,0.498006347524689,0.552488146820566,false,0.9181671325138598,0.7297170578700742,0.6787481869650689,0.5188085574584247,-0.01887446906483628,0.0,0.36478739976882935,1.5020814507898657,106.21898651123048,-0.08537584337090265
8647474692482205554,0.54836513310816,0.503296306878925,false,0.9407414741517044,,1.8952988320980984,0.5168613393510149,0.5030510111130684,0.0,0.37359604239463806,0.9310180791700728,15.805233001708984,-0.0610869123700626
8647474692482204175,0.518133045870723,0.492378880791013,false,20.789079589416172,1.1111675696190866,0.8113718840739814,0.41244272470196414,0.18335858674376185,0.6800559759140015,0.5043367147445679,2.510511814945876,129.0675048828125,3.034427829096543
8647474692482203855,0.564211665614497,0.560126889454682,true,12.954503651901216,1.0238336406958424,0.43982861874559814,0.17191904018275744,0.09472711180105904,,,,,2.561443500034345
8647474692482204082,0.490310587373793,0.615840237539463,false,26.407817996350357,1.0565463046703163,0.8726538070003522,0.3109339325075788,0.1746755425029047,0.013308900408446789,0.93880432844162,6.483334483522357,43.42113494873047,3.2736601025379857
8647474692482204935,0.537236038930589,0.522480792858266,true,1.1831646957336444,0.50735844888867,0.2049254871138624,0.3321884751406206,-0.02573990836582974,,,,,0.16819279401598303
8647474692482204269,0.570266237725034,0.532344692340596,false,17.98871137730793,1.4397670360811918,0.7008601291980858,0.31191284535320896,0.24144064090434147,0.5144572854042053,0.6309382915496826,5.364678122780539,71.43476104736328,2.889744415452922
8647474692482204542,0.50762985195828,0.560354516406565,true,2.238149583679943,2.2245242960731577,1.4265446280779457,0.9619667035934706,0.5122715541234514,,,,,0.8056494457615927
8647474692482204941,0.542739650961117,0.586019508942356,false,1.0695221754250577,0.666051480425867,0.4489231102549113,0.4578524399523779,-0.6225798220823209,0.0,0.5852306485176086,1.1609670038175102,124.3129425048828,0.06721198371064954
8647474692482205344,0.513765551082528,0.59662827841574,false,1.00978914384701,0.1935626347557051,0.7889700584210221,0.9859889599824344,0.48711552336775193,0.8817068338394165,0.3710714280605316,0.646019373277221,48.97139358520508,0.009741540589690898
8647474692482204517,0.494274451182746,0.469776808160391,true,1.5053653090857946,1.3666018715394437,1.389089410996251,1.4790675645556206,0.7811096020776548,,,,,0.40903559903617304
8647474692482205426,0.527184476790592,0.612661771980628,false,2.1809837350033487,0.8731805257549059,0.590269067745955,0.3699067816446506,0.10915298475255816,0.0,0.7345767617225647,2.263181438349714,113.4580307006836,0.7797760296049572
8647475121978935519,0.540274392795848,0.630333869051994,false,1.5035266717913232,0.07623982427040928,1.08836386559998,0.4715475944465653,0.3849377349451548,0.0,0.4954969584941864,1.8501444296403364,17.971464157104492,0.4078134630904439
8647474692482205506,0.540335059299423,0.509738376545934,false,1.137053809453507,0.5592489042118854,1.0079830809320285,0.3392770010529733,-0.07175679112559,0.5135717391967773,0.300017774105072,1.692744969117521,64.0963134765625,0.12844053946519668
8647474692482204069,0.486400719841412,0.564960242699802,false,3.997123985509657,0.7427433776688446,0.965929493886844,0.06375341362784459,0.397827082156561,0.699428915977478,0.7512993216514587,2.768171556068189,81.73656463623047,1.3855750988902333
8647474692482204523,0.496890319851334,0.597743236905752,false,2.4040784672564164,0.5621340150469218,1.500705902088461,0.5622922685966021,0.3479465848653927,0.9388920068740844,0.3064103126525879,0.782158790212689,50.78302383422851,0.8771666564299692
8647474692482204185,0.518721684173173,0.581609156183209,true,24.350738008309616,1.885041202945651,0.8794193441867846,0.3300809111617467,0.17603365513194882,,,,,3.192562157418781
8647474692482204964,0.557760773926049,0.584662945229052,false,1.8996262627696696,0.355540419883408,0.6303813719105107,0.060629818793028825,0.4538642785614729,0.45289695262908936,0.6308363676071167,1.2529916835553718,104.89874267578124,0.6416571630182268
8647474692482204975,0.566746284741304,0.48310139732111,false,2.0403103827476743,0.8680389516487271,0.7455709247573874,0.4248679758737742,0.12474452846561504,0.0,0.4195602238178253,2.1222379773554176,125.70099639892578,0.7131019446884529
8647474692482204271,0.571220681079198,0.508670260707034,false,59.04245880858038,1.557604072477277,0.746944501434484,0.3648853944165758,0.3319757437284209,0.5954208374023438,0.29704806208610535,6.544322678537079,59.92897415161133,4.078256825911821
8647474692482204796,0.506349947180108,0.502772316403267,true,0.3549130063774576,,,1.9828224556090004,1.000262381338526,,,,,-1.0358825719948468
8647474692482205003,0.583564642803862,0.589767283580116,false,1.5298543546009171,0.4321859791354869,0.7224986068476142,0.2103074726764452,0.6363146110201263,0.0,0.549575924873352,0.6664125907300699,17.128721237182617,0.4251725378019001
8647474692482204345,0.590963613100415,0.577181132525721,false,0.72392793592634,,1.0038458121669551,1.024313622802442,0.4077950851184934,0.9624744057655334,0.2306153029203415,1.1474423185743463,71.4650650024414,-0.32306342756380096
8647475121441997774,0.471600668598951,0.415563434509111,false,2.3142164584700824,-1.1163401767178511,1.1241929647285496,0.10417025137744376,0.6592642504038857,1.0,0.6137420535087585,1.82794922530049,128.2008819580078,0.8390711673828193
8647474692482139453,0.474349178105441,0.621969863970872,false,1.6562100245777132,0.40231988006041497,0.6294482017850758,0.31256359638117287,-0.33355802893321035,0.0,0.5767744183540344,2.4631693206652243,55.22496032714844,0.5045318743570926
8647474692482139105,0.459380127894122,0.553120149990947,false,6.203175322702545,0.6213979085804513,1.092514859369221,0.4742711108343255,0.4008590506047168,0.0,0.5657331943511963,3.317166458476674,17.27461814880371,1.8250613097705894
8647474692482204148,0.514386731499072,0.609346773219413,false,4.313718883816814,0.674515581740509,0.6302472516435409,0.3622776201273691,0.30874751242819976,1.0,0.7744555473327637,2.3476093104391387,151.3296661376953,1.4618003821480337
8647474692482205300,0.506743030674059,0.57601673311801,false,1.1782541716442514,-0.6616888283239791,1.6727694516712597,0.8244461313602888,0.4880482743059,0.0,0.7008588910102844,1.0051947802004189,101.54517364501952,0.16403382735797856
8647474692482140503,0.460382669392557,0.456762443302179,false,0.9889466589220076,0.003991353697142232,0.831437012120964,0.41708444079527696,0.9009767679262214,0.0,0.7799316644668579,2.304998612163043,61.68439865112305,-0.011114883169841976
8647474692482204818,0.541626223232809,0.524798695067303,false,3.603505184035999,1.0692409257482232,1.2601409987412704,0.42173563575841816,0.35165413083744046,0.0,0.27354830503463745,3.108095039020885,125.25684356689452,1.2819070339926737
8647474692482204922,0.526939655624935,0.615659674796307,false,1.443701792964358,1.271976765749286,0.5624488674594432,0.8786197616012386,-0.17728556543133164,0.902226746082306,0.09031827002763748,1.4027287863721751,58.704551696777344,0.36721050457594584
8647474692482204153,0.513087722411913,0.475519138451335,false,10.888808125927,0.676253259701905,1.0885659357094306,0.4786454663970492,0.35762639887344183,0.17770422995090485,0.8013131022453308,2.197209181207599,52.65184020996094,2.3877354843001424
8647474692482140607,0.480120646579818,0.601328589669398,false,1.2058260670461498,-0.4476356260838024,0.3857932767802803,0.9565184952880164,0.5051111470142875,0.9110833406448364,0.5055336952209473,1.190835478329899,86.13018798828125,0.1871648648907121
8647474692482204062,0.483926317389087,0.471181282029683,false,17.56951245618671,0.9039430261306666,0.8698858937894829,0.34573846276776676,0.2958219609355665,0.0,0.6819761395454407,3.8483558279095273,5.068516731262207,2.8661651531621386
8647474692482204079,0.490004377963845,0.447204075129218,true,2.906015342253122,1.5731499298681977,0.5064155740748656,0.22335127908628136,0.06268632675306741,,,,,1.0667828446431435
8647474692482204080,0.490209244906087,0.513539029601375,false,13.085953495720466,0.7444352768969235,0.9526535320429051,0.3348592095771362,0.3128256229233455,0.0,0.8608524799346924,2.6189007542350073,84.96517181396484,2.5715394026983365
8647474692482204628,0.5668156322751,0.559077001765096,false,2.64627005054054,0.7897816528659836,0.8807036594645702,0.3503213732131593,0.35354469237462516,0.9296647906303406,0.4296517074108124,0.6564414561396897,51.60935974121094,0.9731511204020646
8647474692482204248,0.565435986286537,0.603286675596218,false,8.616707735594002,2.0110651021263455,1.5135165407003723,0.593342835665202,0.3476003092078754,0.6459531784057617,0.6769746541976929,1.5240394406848483,72.37955474853516,2.153703078494777
8647474692482204344,0.590447920964554,0.579116955269068,true,6.771976474258964,3.300125461931525,1.364685996519614,1.1678106705875062,0.6507167853132553,,,,,1.912792990292463
8647474692482203685,0.492177826285728,0.555283478836569,true,18.83324468265276,1.0594353901914946,0.4192179003459148,0.15390543133273554,0.07716874878908525,,,,,2.9356236423574247
8647474692482138479,0.470375763820474,0.54354931752362,false,2.0658086118290853,0.8207595594250054,0.062499706939565226,1.3490503555850266,-1.6226467822787949,1.0,0.6112121939659119,2.9232628417737554,59.442630767822266,0.7255217293439709
8647474692482139131,0.471110959128967,0.599156076253514,false,2.513448514872588,-0.2927934675048148,1.2555472157219556,0.5545612200438909,0.14025826737840655,0.6255929470062256,0.8497978448867798,1.1562068353999744,85.16954803466797,0.9216557205003176
8647474692482204515,0.493697184492774,0.478041558481522,false,2.0486712253633845,-0.40850553355765734,1.420113627587026,0.5939322151633178,0.2828000967912083,0.9514592885971068,0.6480210423469543,0.509285753724551,47.672611236572266,0.7171914002394897
8647474692482140629,0.481586243495651,0.611911309338237,false,0.958385650419043,,0.6240357475163678,0.35795010130374805,-0.020286945207875325,0.2903299331665039,0.7998594641685486,1.5755848150060634,76.0683822631836,-0.042505024167260735
8647474692482204097,0.497474857659423,0.445331685002712,false,3.548808676654501,1.1480315507106682,0.8400092723571834,0.37364372786529126,0.28031334761100457,0.8267591595649719,0.6090880632400513,0.7425393871586732,78.49116516113281,1.2666119631254138
8647474692482204354,0.591426332824452,0.614061291015963,false,5.879522552446266,0.9245651056803524,0.49198624483815345,0.23380538161998127,0.00858944285241753,0.0,0.33642467856407166,2.959808616927176,139.73590087890625,1.7714755600501935
8647474692482205813,0.589536835764452,0.476394217181913,true,0.6483462012000467,,1.4961762181367917,0.9731812531213312,0.44053818860733673,,,,,-0.4333304641853347
8647474692482140590,0.476501657341749,0.497444580836624,false,0.8118917040828479,0.10951928837317931,0.7406294207778511,0.6799899271537425,0.348795694236363,0.0,0.05000000074505806,1.5038110391058102,47.23744583129883,-0.2083883170710411
8647474692482204669,0.593366506153715,0.471244070115278,false,2.423218989951746,0.5326741918467016,0.7023484420949428,0.09797697718841426,0.1756891822928183,0.894573450088501,0.7296717762947083,0.579123432287062,163.74020385742188,0.8850968174250704
8647474692482139098,0.454817477772527,0.461442163125286,false,2.728629323934688,0.49653264820582343,0.7557859368673596,0.2261519980074116,0.2729577412641092,0.0,0.36099499464035034,2.352942420978738,58.60932159423828,1.0037994039681273
8647474692482204615,0.555329843763529,0.506162799172859,false,5.325575907599706,1.59544889309071,1.781601898798952,0.8667860463920545,0.4239278487488928,0.8528549075126648,0.6601739525794983,2.218198294591422,45.02752304077149,1.6725208574094361
8647474692482204787,0.494418725473944,0.606267498333865,false,2.1735377979652877,0.7592516346861288,1.1965175139651962,0.5835108368928322,0.3012524392669432,0.0,0.38494211435317993,1.7855834178250245,121.1588134765625,0.7763561616637014
8647474692482205792,0.586276924283204,0.501538159915858,false,0.8564361064728053,0.09511459567891188,0.5118221059004154,0.6590156456095971,0.2084278911042911,0.0,0.8998895287513733,0.9678988294167952,101.3734130859375,-0.15497556239775295
8647474692482204832,0.58165127794613,0.478700484259177,false,3.0758980798464353,-2.1890814311648388,1.4712750543152775,0.7862685789960445,0.44008735868478166,0.9130024313926696,0.8667253255844116,2.5089980676920725,76.91022491455078,1.1235969171043492
8647474692482138465,0.472076023820964,0.557332054264848,true,53.99554535459007,2.2550064040208673,1.1991399644426672,0.5443460022727035,0.3610677439440839,,,,,3.988901549727987
8647474692482203800,0.541452931607779,0.542730655418711,true,1.932640667596768,,1.3882385993718207,0.4657849699965828,0.35793655014949183,,,,,0.6588872893073239
8647474692482204781,0.487985698546753,0.55167230453986,false,2.228147411384669,0.8718566489704037,1.2594929184623973,0.5082763857883114,0.4315354466492937,0.0,0.43504858016967773,1.4083033258264714,42.69943618774414,0.8011704829753997
8647474692482205397,0.522753324471015,0.539295545574167,false,1.1028104121958824,0.3490849593864419,0.8905066467212992,0.2728740125470941,0.3740515772289536,0.0,0.6220166087150574,1.21068630856697,166.96868896484375,0.0978618417223911
8647474692482205842,0.594628377484721,0.486956419272739,false,1.2327090741993747,,1.5438667586143997,0.7905124332942876,0.2433043090129284,0.0,0.3734371066093445,1.1441141667992176,68.30846405029297,0.2092142467872911
8647474692482204678,0.600496727062091,0.523389353644326,true,2.7377728173763742,,1.5210527980331032,1.719113361012106,0.9335659667079296,,,,,1.00714474949253
8647474692482138838,0.477263130726266,0.589018620254122,false,4.8708972025653114,0.5119334780164684,0.8910433305963252,0.5047183562796452,0.22370704666503916,0.0,0.8007859587669373,3.921291442832562,145.00115966796875,1.5832781506323668
8647474692482139450,0.470389473537194,0.479570635011267,false,4.3590071308186875,1.3057653702924286,0.23184750258742887,-0.07847203646727935,0.02695885725739499,0.0,0.41263148188591,5.559538952027908,82.86105346679688,1.4722443091389936
8647474692482204110,0.500582230079001,0.496017957919601,true,2.743035501283236,0.9196463333347356,0.50423548772654,0.18416514359475067,0.06785180961473679,,,,,1.0090651543738038
8647474692482204090,0.49286093205593,0.626140236262578,false,10.943648011844726,2.7392951821691742,1.4678123710697784,0.47867165762981045,0.35477972704046973,1.0,0.7624669075012207,1.5922720083082564,97.22547912597656,2.392759197702578
8647474692482204187,0.516427109295548,0.58101692596183,true,1.328627899777288,3.0993076619551374,0.5564874772024675,0.1866121975701144,-0.0026776129134310597,,,,,0.2841467554092876
8647474692482204584,0.538367862654883,0.546033058965151,false,5.984639834361437,2.191846250186201,1.1572189592956512,0.4717643070123721,0.32973611542371717,0.37348923087120056,0.3729327321052551,2.4292011453647806,112.32795715332033,1.7891961591476089
8647474692482204266,0.568530756777468,0.459261371511205,true,6.256699641873052,,1.184318849596587,0.47004438804709614,0.24523803667964544,,,,,1.8336528323276688
8647474692482204625,0.559646148671633,0.55464960921112,false,2.318585732326109,-0.5488583598928225,1.2236205446999584,0.541609404814285,0.3282603430195825,0.8481729626655579,0.5938065648078918,0.5961822891476178,80.23677825927734,0.8409574016624322
8647474692482205525,0.543626123124248,0.534751090032548,false,1.338826492571386,0.6852577565291335,0.826937069224297,0.17026681463788684,0.0848476509972052,0.0,0.4055509567260742,1.4853215578830603,96.21141052246094,0.29179347845577247
8647474692482204222,0.556990988774002,0.541118226228287,true,16.201657972943654,1.6006816818611247,0.7173891778162007,0.2881020002509237,0.2070712096664631,,,,,2.7851135810104153
8647474692482204570,0.521792986341484,0.533747648875912,false,3.558801589655379,0.6710537544642443,1.235173744919165,0.466259534251984,0.3780080614257647,0.3461291491985321,0.5119151473045349,1.306413249535994,61.43194961547851,1.2694238560713527
8647474692482204154,0.511201397654136,0.474298282134752,false,1.1040681219264914,-0.6996250507380853,0.8448991070508174,0.8531280599098262,0.3531454134714903,0.0,0.5074635148048401,1.939925280484286,93.56006622314452,0.0990016505948114
8647474692482139119,0.464536163022248,0.580675404967599,false,2.3175949762682344,-0.1738975940232002,1.3325769460644394,0.8062712584511729,0.5661980021936714,1.0,0.44239482283592224,1.3075177416656956,137.85269165039062,0.8405299998266408
8647474692482205020,0.59350776591857,0.561039585982906,false,1.1979179305082626,0.33322927726389845,0.1436193125155023,0.409079791906704,0.4557254116452252,0.20072512328624725,0.7295085191726685,1.8870658946759773,54.717308044433594,0.1805849919278417
8647474692482204358,0.593325739552375,0.57253278660381,false,6.425836594981495,1.6007197719666697,0.5559194635744504,0.23834881583484857,0.042342482296980205,0.6272624731063843,0.21127042174339297,3.0237923968922007,18.48334503173828,1.860326831640425
8647474692482205732,0.578198537486451,0.457974326535315,false,1.4604610045328503,,1.1276678181788011,0.34438675187089385,0.4036679599341063,0.0,0.18091829121112823,2.3587543253946786,162.31103515625,0.3787521424089931
8647474692482205216,0.495687601046859,0.584376612222801,false,1.232744373915969,0.929087903477108,0.5472231506357382,0.2888367081748543,-1.353173302506001,0.0,0.4173279106616974,1.9733616800019231,150.44374084472656,0.2092428822633522
8647474692482203942,0.59697702249145,0.579103393257424,true,141.4041086494831,0.968939841931,0.024449915281013947,-0.04369275491785647,-0.03598715937271982,,,,,4.9516218099673655
8647474692482203951,0.599321598894666,0.584813658118855,false,20.930575325848903,0.7566764179662134,0.4320847590772086,0.37262192118477927,0.06578989723326101,1.0,0.9135413765907288,0.526557554199238,103.19571685791016,3.0412110241760995
8647474692482204373,0.602678344481834,0.488648333936362,false,4.6132011991116775,0.5214984084964337,0.7831003593194541,0.21403468812987264,0.11538009380174882,0.0,0.42630535364151,2.370750663256404,130.92654418945312,1.5289220193001767
8647474692482205877,0.59931501930486,0.514354012507086,false,1.0683116325798392,0.8494205779729936,0.826678660504405,0.5617201523548063,-0.1407071823403558,0.165154829621315,0.15459643304347992,1.2014767888820532,44.65169906616211,0.0660794887804384
8647474692482204312,0.583086897445144,0.507374249361564,false,34.960513235090296,1.3854841715376751,0.9320445800781204,0.367096530856052,0.32531427681736663,0.968223750591278,0.6105610728263855,3.8144227230187617,128.15283203125,3.5542192313171697
8647474692482204539,0.505931780678491,0.615105028803238,true,2.0810808023422567,,1.4963748536291404,0.7061325325533452,0.3412044637292204,,,,,0.7328873752700154
8647474692482138451,0.46842816495415,0.485406771454043,true,31.1380295875953,1.15495605483532,0.41825972453526034,0.13981323787263314,0.08690417554768026,,,,,3.438429888475629
8647474692482204980,0.571213282397596,0.613555709964033,false,1.16158552356966,0.39037190732095545,0.7425602783803428,0.4629008237554356,0.1554815090861758,0.0,0.07014667987823486,1.2446349919444382,173.41748046875,0.14978590251905316
8647474692482205850,0.596331497592622,0.493195354175232,false,0.7558124032202297,0.6403057912805713,1.0005051485939058,0.9014355533561358,0.5566519803974497,0.25995492935180664,0.9682217240333556,0.9323743106138828,73.95503997802734,-0.279962077483978
8647474692482204675,0.59740006326062,0.521609641739971,false,1.9811024614143504,1.248754569244253,0.7013578161782753,0.24036226690733128,0.18284542563436731,0.4415210783481598,0.4985489845275879,0.9540542207583032,4.750646591186523,0.6836534884456839
8647474692482205741,0.578806384162825,0.580692646178442,false,1.1018135495384802,0.4320416137528413,1.1234124350567307,0.3986942728124608,0.18700947197431567,0.0,0.377612441778183,1.3608432779408464,78.376220703125,0.09695750361970948
8647474692482204311,0.583260766462741,0.505003784286603,true,5.972982436279703,,1.4318322511849806,1.2360267866921728,0.6691594349526176,,,,,1.7872463732267936
8647474692482205245,0.499583045514142,0.526540943592956,false,1.3822174190312704,0.2052287292789433,0.9804488787439748,0.978847594043855,0.3721053478050605,0.4567325413227082,0.7660784125328064,1.4376796857275145,7.057637691497803,0.3236890349913995
8647474692482139463,0.480990710051634,0.596164659033503,false,2.5815587976667485,0.8942828310595072,0.9088353846427328,0.7045464508201243,0.12119982002183265,0.0,0.3477197289466858,3.5350683963660035,62.74018859863281,0.9483934016293175
8647474692482206324,0.570303197563693,0.518874533112312,false,0.6429481611886111,,1.805189108247045,0.9437032566555544,0.49753549974703776,0.0,0.8231613636016846,0.9570195518358788,96.00968170166016,-0.4416911782299451
8647474692482205032,0.59893757912137,0.605252334765184,false,0.9119367901267385,0.5117389196570192,0.4872167025958032,0.767205896200984,0.30688448138119817,0.0,0.5530484914779663,1.589691097086126,57.82542419433594,-0.09218460038134907
8647474692482204384,0.602552002929787,0.513857918149441,false,2.5042923811335847,0.3176331296154875,0.6771938272058563,0.5085637110421712,0.01849477056671196,0.0,0.616338849067688,0.9312395646114542,70.28453063964844,0.9180062120497051
8647474692482204371,0.599759316177439,0.493349920824779,false,23.93243479838435,1.8516168694336876,0.9982388586513304,0.4077817665325912,0.285492426369803,0.9783836007118224,0.7169226408004761,2.214673492643568,86.59870147705078,3.17523464343831
8647474692482205869,0.598577057883113,0.462122140233394,false,1.9023291762112269,0.9569062816648244,0.622474238035106,0.3126793662963553,-0.01735152420248745,1.0,0.5931687355041504,1.7274154557122123,144.1124725341797,0.6430790176087416
8647474692482205748,0.580768827389427,0.569578470213674,false,0.5997165107290945,0.1147067748482178,0.22868827503838657,0.985405990953098,0.00742863652241432,0.0,0.4747167229652405,1.0491356705174302,107.60192108154295,-0.5112982175390138
8647474692482206312,0.567427111153597,0.480147765745424,true,0.5691264553768102,,4.4633885643193665,1.1254102191620887,0.4295744108082076,,,,,-0.5636526281122569
8647474692482204363,0.598258860863363,0.467024421395619,false,7.097493467817747,0.9786677832641766,1.015602198062426,0.362604536235089,0.33974066456548935,0.0,0.771145224571228,1.782071560320228,129.31573486328125,1.9597416890148294
8647475121442063314,0.501694694367373,0.413396748729914,false,2.33274756476463,2.9071847793922543,1.122898814489107,0.7456242939591224,0.35380939598262573,0.8727946877479553,0.7213405966758728,0.5994206576636343,79.88488006591797,0.8470467851981647
8647474692482138822,0.469942987943927,0.450952255955942,false,1.917223976073171,0.4554939373076106,0.41716686389974433,-0.06461021475515824,0.25313935542320104,0.8741552829742432,0.5518508553504944,0.6239920327759753,72.2767562866211,0.6508782940008421
8647474692482204896,0.502875693811604,0.597893667813134,false,1.7453523163972189,0.5848789775791918,0.74827486593951,0.12182594443073916,0.28854157461761915,0.0,0.8250477313995361,0.7690542725601581,160.30224609375,0.5569564357893902
8647474692482204139,0.512574376772621,0.623614654000963,false,28.78109334986389,1.5131543840958717,0.655357590737836,0.3396074218389564,0.20521586741416403,0.24153362214565277,0.3397793769836426,5.2700205282731485,67.53290557861328,3.359718690656452
8647474692482204158,0.514954912648309,0.554433570393939,true,35.946968789697635,2.460518401449286,1.345443626020919,0.9626936644102032,0.5483876350720962,,,,,3.5820447632184766
8647474692482204273,0.573187998573354,0.441810567163032,true,3.2400924479455653,0.9089984293020286,0.3222562713060595,0.10840283290242043,0.06524307515297897,,,,,1.1756018627137033
8647474692482204966,0.557963452147602,0.547866052119215,false,2.3958922779849017,0.6900176447760834,0.6125579390539698,0.1253843983426829,0.32929148961371896,0.0,0.7498355507850647,2.299499030065055,132.56814575195312,0.8737557201377131
8647474692482205717,0.574459880280285,0.578516789256717,false,1.4362390022753098,0.14586533502578228,1.4696696066989978,0.9836239376747964,0.3432918806136863,0.6914466619491577,0.45983996987342834,2.5509809604798903,158.8954620361328,0.36202789290194476
8647475121978868812,0.448105960475145,0.633075133456597,false,2.6446321312249736,0.3077146216730034,0.682279140029809,0.33837454750215357,0.14601921040797974,0.12651728093624115,0.9172146320343018,1.4460297546001395,135.14878845214844,0.9725319748153121
8647475121978868828,0.460006518271569,0.630716251480939,false,2.350537069136428,4.873906527651531,1.4660432341415386,0.8262626025041534,0.40570845549861506,1.0,0.9206156134605408,1.471847446277888,152.3760528564453,0.8546438421028212
8647474692482204953,0.553311923852667,0.552168137056687,true,0.8217385354333155,0.27562029070379446,0.23349093583203007,0.7211100603047104,0.1774269164310106,,,,,-0.19633301793967453
8647474692482204572,0.522327729075375,0.514550272271641,false,3.5982241376198556,0.9578316293026484,1.5349349284235754,0.8413512086221311,0.5307720541034936,0.8393783569335938,0.32783520221710205,3.1719842944482357,83.62617492675781,1.2804404286464104
8647474692482204999,0.580963603389342,0.532532720904023,false,1.1713891936162093,0.40901514087666313,0.7721943019238117,0.4482400953531888,0.30510499483739456,0.9226444959640504,0.613692581653595,0.6493838748546561,142.09837341308594,0.15819038944421546
8647475121978934516,0.602097970949843,0.632083275399263,true,1.9104538862706728,,1.4059824613892806,0.8108146978063228,0.46561831763444805,,,,,0.6473408506183169
8647474692482204576,0.528318304604234,0.486912544150908,false,3.968427766070248,1.3921025904137203,1.0374716152143395,0.49925438925808185,0.5367284156018847,0.5696113109588623,0.5885490775108337,2.556587108457931,149.247314453125,1.3783699875613533
8647474692482205536,0.546599224914669,0.538410725022352,true,1.0383614548752582,0.8051614030061367,0.8314553062272035,0.4281213800889331,0.3612846604377032,,,,,0.03764394655151771
8647474692482138855,0.480878521331541,0.486760508629276,false,5.940882065618493,1.0942854804350772,1.1061564425484576,0.4315059296467836,0.3063547240211927,0.7766337990760803,0.4886492192745209,2.1866171649008086,14.77884006500244,1.7818576182454986
8647474692482204848,0.516356677472202,0.563886413359956,true,0.2643044159390132,,,2.2841668544994325,1.1683632016819243,,,,,-1.3306537494561812
8647475121978933473,0.566173981277626,0.631841952997626,true,15.549214341908622,0.9596089705986778,0.29046559550513507,0.11161910894229896,0.03392566175244392,,,,,2.744010112712729
8647474692482205742,0.579412458378261,0.560387709765759,false,2.042556394609712,0.9918239640855704,0.6749864466785165,0.30169429729614633,0.13844255171849082,0.636509358882904,0.8310820460319519,3.1292501724127564,137.40512084960938,0.7142021579508862
8647474692482204380,0.600160644300249,0.611641411878772,true,73.17357957199998,2.4297000022426594,1.390728878120041,0.8738304998328252,0.4991508507926909,,,,,4.292834421005876
8647474692482204314,0.577022106828807,0.506806242772865,false,2.324399498866717,0.3340616649419837,0.6843453005572083,0.1856334346216586,0.061980480470696125,0.0,0.382680743932724,1.3918959432178073,177.14405822753906,0.8434617256219553
8647474692482204687,0.602575434326143,0.482264399645011,true,4.152926790244625,2.640517474242794,1.346190986470622,1.0787519290840597,0.5997309614410279,,,,,1.4238133363315784
8647474692482204546,0.510078677933698,0.469952342217051,false,3.985084909692088,1.461350368180736,1.268476725690059,0.5149621554825478,0.47132862697935585,0.7743332386016846,0.16584990918636322,1.260039782283282,23.366605758666992,1.3825586193406731
8647474692482204805,0.512093210698591,0.521773231826969,false,2.178687627715569,0.2479133717436695,1.0454448696660683,0.49342460465202687,0.1897292672388529,0.9510090947151184,0.5009874701499939,1.2815823458661937,32.24980545043945,0.7787226898877879
8647474692482204588,0.540406293429901,0.598763677574014,true,4.006519027501773,,1.3770484793722373,1.2651296955705522,0.6618286302856218,,,,,1.3879227913827725
8647474692482204108,0.499513916181015,0.62100355049958,true,2.2402067911984407,0.5991172271011034,0.01781738920534368,0.08190050985705286,0.21018946918424583,,,,,0.8065681791052542
8647474692482204649,0.584946390232854,0.582883031908682,true,1.4178594887120026,,1.275472672373674,0.5454698414440341,0.24274998468406303,,,,,0.349148332023778
8647474692482205824,0.591197618226092,0.477856994273544,false,0.7507057327993234,-4.291863644592714,1.6284910490860365,0.7177622331883898,0.07988786254964135,0.0,0.529280960559845,1.1553337628191167,122.78043365478516,-0.2867415378274058
8647474692482204179,0.516341403424445,0.494901461954012,false,1.1935216170689136,0.1576023011456638,1.0616097047289967,0.15736413087834863,0.04130684820598168,0.0,0.3850407302379608,1.9911575799036507,68.80583190917969,0.1769082789652841
8647474692482204801,0.508084562038818,0.580740287779745,false,1.172193975384513,-0.5936889273274799,1.5432671185602715,1.069175281501927,0.4738014104046742,0.0,0.061245791614055634,0.9181821587109806,10.509598731994627,0.15887718546714533
8647474692482203943,0.596824698273526,0.580493123474453,false,24.79978066285212,1.0405597000204765,0.4145412935101276,0.3333663219655656,0.1525295819869504,0.0,0.6020888686180115,2.519508052353907,17.3531494140625,3.210834808891992
8647474692482204645,0.582134072132947,0.470720160206027,false,9.608042326491546,-2.0542019157927487,1.6254720892837833,0.723258842201956,0.402548396378183,1.0,0.7186775207519531,2.101049128204885,65.8890380859375,2.2626004901064
8647474692482205802,0.587463184042357,0.617801290995563,false,1.1932094106192914,0.20797703836924075,0.7746249516739164,0.2589488574162026,0.1331834523933506,0.11321377754211426,0.5202193856239319,2.6129213246432217,177.22396850585938,0.1766466605023899
8647474692482204315,0.582667435167154,0.50675782907684,false,8.575887929212218,1.0054850427023725,0.5114356764707788,0.48595374498833765,-0.06242973099319153,0.1986856758594513,0.558742344379425,1.56693747549346,160.7646942138672,2.1489545362873947
8647474692482204299,0.578357622568597,0.613133072026885,false,19.254594259767117,2.141922075703117,1.2722703836810487,0.48860610208165,0.3081220658316629,0.9089285731315612,0.5534628033638,1.5191626970214072,178.54315185546875,2.957749695103392
8647474692482205614,0.557000676884308,0.624461769474858,true,1.3751176478402722,,1.3872715519686232,0.5120657526089802,0.3498018003585474,,,,,0.3185392895239624
8647474692482204330,0.593530499072744,0.492714835989376,true,0.48698640356713774,,3.1709730645491385,1.182245855263753,0.5133479029428514,,,,,-0.7195190750425935
8647474692482138358,0.448264985132489,0.425562510153269,true,66.27053015752732,2.262481047268904,1.0525707408064169,0.45924196477925144,0.29729376395349155,,,,,4.193745306030824
8647474692482205247,0.499842909099144,0.567205037609433,false,1.4119298773608862,0.5364219044156184,0.5269589633790694,0.3458730329906255,-0.27459980217546753,0.0,0.4912421703338623,2.384113994511691,52.09564208984375,0.34495747591213805
8647474692482205607,0.556084482431292,0.606123096479184,false,1.182617641824707,0.10829246150985326,0.9155257773082608,0.8590498248719629,0.20589701049722764,0.0,0.7974332571029663,1.045576927035746,100.7487564086914,0.16773032212243402
8647474692482205027,0.596240054722032,0.615794636953774,false,2.0252975809378784,0.9462954373672028,0.7131997387580958,0.13246470879805508,0.013553925362767134,0.0,0.3592761754989624,1.4457636409335666,104.44159698486328,0.7057166433114569
8647474692482204356,0.592327374079312,0.516533145795981,false,3.8054300850983447,0.5228849847617816,0.8476900618607871,0.2627222722192196,0.2298101658325548,0.0,0.9585735201835632,0.9933159959436668,135.76573181152344,1.3364290164893602
8647474692482204540,0.506407914709087,0.476383830829431,true,1.4294501853555963,,1.2349101789207688,0.48621060747099143,0.24743585986020128,,,,,0.35728988457289523
8647474692482205033,0.599227054217448,0.565741038593981,false,2.8873066688832765,0.5077129117951227,0.6438256070608762,0.07328660630354487,-0.05816548091966116,0.0,0.6153743863105774,2.573515128607702,120.69938659667967,1.0603241191070611
8647474692482205769,0.58406818955404,0.570302587641365,true,0.2180921404257267,,,2.07512624587592,1.0308237816102337,,,,,-1.5228376429863497
8647474692482205472,0.533734609506331,0.594520902938953,true,0.4489441982090845,,1.1832040086915878,1.5614573935626557,0.696778410403341,,,,,-0.8008566791212425
8647474692482204323,0.587094183189883,0.601786461981354,false,2.6101494032433874,0.6772227955045811,0.9588448415770204,0.5126742046036271,-0.06252142876031513,0.0,0.4774209260940552,3.3108137472711427,117.0138168334961,0.9594074623182931
8647474692482204881,0.495401654087979,0.472056119061044,false,2.6056590715680454,0.5418890491675468,0.9349171458879878,0.3923401321330981,0.2701238010458376,0.0,0.715426504611969,1.9537011782328289,99.23965454101562,0.9576856457269122
8647474692482205854,0.597130676055063,0.623803488228449,false,0.7520428984216402,0.40001210980992385,0.6717349275735767,0.7698794912730398,0.4574701451778804,0.0,0.7953062653541565,1.8502467810505567,149.88116455078125,-0.2849619108858878
8647474692482205859,0.597345560087088,0.507457696016382,false,1.243843412990378,,1.631520391991396,0.6168495773367986,0.11864440173102062,0.9227412343025208,0.5169960260391235,1.173593028627261,152.813720703125,0.21820611259226882
8647474692482204374,0.60113145606254,0.490552198672071,false,1.4007319378824503,,1.29690146029254,0.6118907725946006,0.3172654776432432,0.0,0.3282559812068939,1.2560840507950446,140.88038635253906,0.33699491277540916
8647474692482204672,0.594888324993073,0.60637077103838,true,2.77057447340813,,1.4006113917624228,1.2103670843426466,0.6944184806204379,,,,,1.0190546898187498
8647474692482204677,0.598952282490432,0.498825099627922,false,10.598643302532354,0.8863804624861518,0.8833206010317023,0.4230046456417525,0.12140367511478016,0.6275623440742493,0.5556735992431641,6.747296964279329,115.37698364257812,2.3607260025994243
8647474692482204060,0.483418122125142,0.579979297793662,false,6.8208271605047335,1.0147019128547798,1.0050518990017532,0.4189978643318707,0.2925199858630497,0.9264816045761108,0.9402496218681335,1.2974740579874828,137.14508056640625,1.9199807490324825
8647474692482204319,0.586187730558104,0.540908646151305,true,13.85762425156614,2.284314770908395,1.3065764815543477,0.9413103627955626,0.5243550721161486,,,,,2.6288355686483986
8647474692482205667,0.565430185505314,0.570979251456034,false,1.4201981261881371,1.1148342547495298,0.8400582505020021,0.5014351627510929,0.40989248294457936,0.0,0.8500462174415588,1.5662134897829303,93.25013732910156,0.35079638736499785
8647475121978869338,0.456421031230582,0.629560749625669,true,1.2529304390792886,0.5556135662359748,1.0842277025212086,0.4633245577007696,0.37701068005288985,,,,,0.22548515887351822
8647474692482138807,0.459037344692871,0.527805809308713,false,4.705295628649699,0.3261395372996495,0.7669143462832867,0.3334697006464925,0.3111660402601593,0.0,0.7850208878517151,1.872374102322742,147.6280517578125,1.5486886039326648
8647474692482138805,0.454136235100458,0.452561452419332,true,6.039051870328679,2.2938113604395474,0.9630586824334916,0.35158984140925037,0.2106994657957492,,,,,1.7982470245136954
8647474692482205440,0.528723802038545,0.494443925335413,false,1.0014581541137693,-0.08713258740939249,0.6815786846617475,0.9378230405673788,0.17970034448589312,0.0,0.4999934732913971,2.1961965043135363,53.74701690673828,0.001457092039379579
8647474692482205155,0.489582669058067,0.53369289057543,false,0.8585228193188464,,1.634486516432714,0.9681663908594068,0.46089490075367034,0.3357848823070526,0.26875680685043335,1.5731470452414618,26.90736389160156,-0.15254201854492377
8647474692482205334,0.512135185796018,0.519576635769615,false,0.9188425677098002,-0.11624132682954023,0.6974702213731627,0.556672407780564,0.31583414372830176,0.9796722531318665,0.5391479134559631,0.6918086849077784,67.56885528564453,-0.08464047956058036
8647474692482205425,0.526505060290391,0.605352089403311,false,0.995312418391706,2.5716657084024757,0.6079205908937337,1.826576978513898,-3.4492787979204764,1.0,0.6432113647460938,1.782004279319686,78.31517028808594,-0.004698602774191997
8647474692482205481,0.535569972655491,0.606951493691462,false,1.0160744255990506,1.4787401223968757,1.070438049183918,0.42784339057323034,0.32244921105772745,0.0,0.6462908983230591,2.2782462112831348,34.29641342163086,0.015946600015753064
8647474692482204355,0.592273703425307,0.535188109073133,false,9.983250807711416,0.49142449059705384,0.8181601772081735,0.2847164339360248,0.28033442846190554,0.0,0.9074349999427797,2.96391441364481,141.54734802246094,2.3009087695197583
8647474692482204555,0.511493189034376,0.489404597359971,false,3.714513270122976,1.150558740700408,0.6175593459700415,0.3750446719092327,0.19047399006955196,0.0,0.21317081153392792,3.376369524483729,71.74951934814453,1.3122476521226523
8647474692482204656,0.587842369831314,0.584728512855647,false,4.005532008548799,0.4392601104569054,1.5176276973335576,0.5857005352941324,0.4094369886281484,1.0,0.8739307522773743,1.0978085073557766,77.42110443115234,1.3876764077904746
