name,error,posterior_std_err
log_flux_r_nmgy,0.06131914050731102,0.05706612139133811
log_flux_r_nmgy,0.05204274060968733,0.07862702837377641
log_flux_r_nmgy,-0.006908848045387828,0.025597396373471276
log_flux_r_nmgy,0.10237362569695962,0.04390361056249356
log_flux_r_nmgy,0.09126040220765863,0.07680197242715804
log_flux_r_nmgy,-0.0005653916098962153,0.04969255457176789
log_flux_r_nmgy,0.19205553461364833,0.05711409281496565
log_flux_r_nmgy,0.2544405436192412,0.14207292471501662
log_flux_r_nmgy,-0.1652904545890338,0.12691170021284873
log_flux_r_nmgy,0.32541553061033146,0.13317483929712506
log_flux_r_nmgy,-0.02854756512436407,0.034211334810213566
log_flux_r_nmgy,0.14119524716274923,0.15509246323107836
log_flux_r_nmgy,-0.00138329764278744,0.011592104121275846
log_flux_r_nmgy,0.053682215934440336,0.043053454409795654
log_flux_r_nmgy,0.23477038244304899,0.1366196475483892
log_flux_r_nmgy,0.40246835264822245,0.1444592799640891
log_flux_r_nmgy,0.42988526490617573,0.17208327097969478
log_flux_r_nmgy,0.16947549096146564,0.12135152367887325
log_flux_r_nmgy,-0.08681770326786357,0.27247503831115627
log_flux_r_nmgy,0.3747221719645022,0.22247121563651961
log_flux_r_nmgy,-0.016978234410312543,0.11460595787269084
log_flux_r_nmgy,-0.18242051810665494,0.1087460683210221
log_flux_r_nmgy,0.7136882700073778,0.1838364213658061
log_flux_r_nmgy,-0.055187286440876226,0.10865027544996354
log_flux_r_nmgy,0.06446878383288401,0.0960999344802972
log_flux_r_nmgy,-0.1694347128293953,0.14710511274747531
log_flux_r_nmgy,0.16806437447153577,0.07856204344649809
log_flux_r_nmgy,-0.10340913132870821,0.17683872367023937
log_flux_r_nmgy,0.04383704480621131,0.12154655283107987
log_flux_r_nmgy,0.021983599309513657,0.003789623299409698
log_flux_r_nmgy,0.15317244052306123,0.09255970524454384
log_flux_r_nmgy,0.29895155205701024,0.16495489277467854
log_flux_r_nmgy,0.07288811495353897,0.03179100823971341
log_flux_r_nmgy,-0.1517513932304586,0.16564847383057987
log_flux_r_nmgy,0.2864626235157015,0.12523535627831145
log_flux_r_nmgy,0.015848412849232663,0.014057753501027243
log_flux_r_nmgy,0.35822892226078873,0.20837340674944804
log_flux_r_nmgy,0.15576561381745346,0.08910310061508105
log_flux_r_nmgy,-0.005412048478455667,0.003577677543432577
log_flux_r_nmgy,0.2408970616862054,0.0769302305861119
log_flux_r_nmgy,-0.020984040132348003,0.021173256771764567
log_flux_r_nmgy,0.09346692353450953,0.10368286415711335
log_flux_r_nmgy,1.4350341810558855,0.15065072939883087
log_flux_r_nmgy,0.23875649485056782,0.10533946014853506
log_flux_r_nmgy,0.06962411746987698,0.07059075190778538
log_flux_r_nmgy,0.30418229639838046,0.14714175399638407
log_flux_r_nmgy,0.17701564180148532,0.09346619546304487
log_flux_r_nmgy,0.08990042337790027,0.16322439017187548
log_flux_r_nmgy,-0.025517222917608384,0.02170602529659389
log_flux_r_nmgy,0.13276785619556142,0.0646371592734567
log_flux_r_nmgy,-0.482461017519348,0.2831292714411334
log_flux_r_nmgy,0.3578540536959746,0.18018810717623449
log_flux_r_nmgy,-0.08026793185633585,0.08510819355284609
log_flux_r_nmgy,-0.03460502663499354,0.11842405869775172
log_flux_r_nmgy,0.025494707399864147,0.07114362002317959
log_flux_r_nmgy,0.43794363207133724,0.13885961609938505
log_flux_r_nmgy,0.16832452924834984,0.09749005711886284
log_flux_r_nmgy,0.44177895615076757,0.20981969097761974
log_flux_r_nmgy,0.041101961935844145,0.005550013202922463
log_flux_r_nmgy,-0.04156686459205572,0.12253911289440514
log_flux_r_nmgy,-0.09259738687124586,0.2406669532868828
log_flux_r_nmgy,0.06787353102290773,0.10877338675622865
log_flux_r_nmgy,-0.014497932147650605,0.06266461720902013
log_flux_r_nmgy,0.04060544259233456,0.01645575886775478
log_flux_r_nmgy,0.08384885446777351,0.23712785740254508
log_flux_r_nmgy,0.1788442590901662,0.10200027715420687
log_flux_r_nmgy,-0.015072297149862912,0.0024241603188702907
log_flux_r_nmgy,0.09826784135118483,0.1191989762001882
log_flux_r_nmgy,-0.0051008059303611075,0.09499058034313504
log_flux_r_nmgy,0.016745270948474333,0.01982079855391747
log_flux_r_nmgy,0.1094822474623989,0.15213504107137008
log_flux_r_nmgy,0.0009859193289960544,0.003037833292321074
log_flux_r_nmgy,-0.027523472465178056,0.023455645737925582
log_flux_r_nmgy,-0.057717760457527044,0.1394908057661904
log_flux_r_nmgy,0.622749012555165,0.2688227851716623
log_flux_r_nmgy,0.03522953043255184,0.006202088006167232
log_flux_r_nmgy,0.051661845189984845,0.022336187175112144
log_flux_r_nmgy,0.05481996000500072,0.11291243535355967
log_flux_r_nmgy,0.216523267440774,0.1164528084906528
log_flux_r_nmgy,0.3144445481716773,0.1283582297403831
log_flux_r_nmgy,0.085388571418191,0.03674077585906893
log_flux_r_nmgy,0.025511462316615052,0.008888844400602261
log_flux_r_nmgy,-0.04807165030652438,0.03625838991695581
log_flux_r_nmgy,0.025176363901326937,0.0023207304595172632
log_flux_r_nmgy,0.11811062816553997,0.07567997404601923
log_flux_r_nmgy,0.09838028344282823,0.0696191966083995
log_flux_r_nmgy,-0.09967359386981134,0.25459064061180525
log_flux_r_nmgy,0.15359370897602276,0.11248985871675438
log_flux_r_nmgy,0.09477805231537761,0.03609003631989662
log_flux_r_nmgy,0.03127444408022839,0.15191637686687812
log_flux_r_nmgy,0.1147841018081488,0.06685213856835823
log_flux_r_nmgy,-0.07038546552925651,0.1226768093237287
log_flux_r_nmgy,-0.10701850437718674,0.039399444574431834
log_flux_r_nmgy,0.46799100897771373,0.06586924667008738
log_flux_r_nmgy,0.014522313903783113,0.10847378983882094
log_flux_r_nmgy,0.07330732233620663,0.1923980946339149
log_flux_r_nmgy,0.2663146944852992,0.11838926859873841
log_flux_r_nmgy,0.22009252847389862,0.19954379025001615
log_flux_r_nmgy,-0.004976315778135287,0.12183444892809053
log_flux_r_nmgy,-0.1153815473069158,0.16942790153866932
log_flux_r_nmgy,0.02666644967250642,0.007097549248817162
log_flux_r_nmgy,0.05634109948205257,0.037923177192023906
log_flux_r_nmgy,0.00977428472140441,0.0807619181952338
log_flux_r_nmgy,0.03659612768960896,0.013068282557413451
log_flux_r_nmgy,0.1403025704679215,0.06500613007598532
log_flux_r_nmgy,0.05152238415766863,0.006138066764382205
log_flux_r_nmgy,0.02466417847273128,0.030841624375196382
log_flux_r_nmgy,0.38673642178115375,0.12456286856332882
log_flux_r_nmgy,0.9216531679532416,0.22131548754829092
log_flux_r_nmgy,0.18662016496613032,0.10357144474561404
log_flux_r_nmgy,-0.004291657704454277,0.04371816806817889
log_flux_r_nmgy,0.2599534843509387,0.14144451255086643
log_flux_r_nmgy,-0.10303067180581804,0.055128090552509404
log_flux_r_nmgy,0.09192443368344971,0.03793776565749899
log_flux_r_nmgy,0.2936067905367463,0.061813251608285054
log_flux_r_nmgy,0.16842465213894053,0.14930624959780522
log_flux_r_nmgy,0.09978409463027904,0.10887635224174075
log_flux_r_nmgy,0.2967194161952396,0.1316465935599738
log_flux_r_nmgy,0.02113043522377911,0.015421300030733203
log_flux_r_nmgy,0.05228640389315664,0.15083328256310255
log_flux_r_nmgy,0.3334853834136312,0.13044300410962184
log_flux_r_nmgy,0.4156326534463899,0.0989522154032379
log_flux_r_nmgy,0.1304270003986152,0.11643697203111036
log_flux_r_nmgy,0.10115242708663263,0.07730129030041619
log_flux_r_nmgy,0.6846908330060969,0.24962066762540602
log_flux_r_nmgy,0.09083005707211866,0.11886979798284583
log_flux_r_nmgy,0.0465673663226307,0.04981460011233794
log_flux_r_nmgy,0.5199207285280754,0.1381267754574443
log_flux_r_nmgy,0.12600726802696327,0.028401059240162323
log_flux_r_nmgy,0.13388456381037028,0.07617898473642466
log_flux_r_nmgy,0.06983458331911807,0.08753178717733064
log_flux_r_nmgy,0.10325831092886151,0.1982894890234724
log_flux_r_nmgy,-0.033615029368896654,0.11748438874732031
log_flux_r_nmgy,0.20296647804146428,0.14933279916109038
log_flux_r_nmgy,0.57150933137045,0.2604584531335244
log_flux_r_nmgy,0.09834737273448013,0.06593135908670197
log_flux_r_nmgy,0.07489841041109713,0.10205840135955502
log_flux_r_nmgy,-0.16097009920226873,0.21497681388943377
log_flux_r_nmgy,0.06876918887820715,0.04962839557256572
log_flux_r_nmgy,0.10595876813391225,0.1508216717324755
log_flux_r_nmgy,0.09161133049419021,0.1286238541326696
log_flux_r_nmgy,0.8959558634981524,0.1282582321579461
log_flux_r_nmgy,0.16749694495020528,0.07373442722124575
log_flux_r_nmgy,0.41992061635870837,0.07434683113173166
log_flux_r_nmgy,0.3421283180043283,0.19216387692479286
log_flux_r_nmgy,0.04863247824684558,0.11328383134298989
log_flux_r_nmgy,-0.0173756136906138,0.013216872631225044
log_flux_r_nmgy,0.12180235596173028,0.0944402645094369
log_flux_r_nmgy,0.10534207312126798,0.03800295841424782
log_flux_r_nmgy,0.030927892665962076,0.1721455270616383
log_flux_r_nmgy,0.055444201836743756,0.059610464696892164
log_flux_r_nmgy,0.025534004497854923,0.0038031781114787485
log_flux_r_nmgy,0.22392315344593539,0.19191879157553568
log_flux_r_nmgy,2.2381499174811523,1.031249051320157
log_flux_r_nmgy,0.1534230177123379,0.10057579802008239
log_flux_r_nmgy,-0.011537066045861133,0.06618085888670835
log_flux_r_nmgy,0.014513888699753563,0.15460786053107983
log_flux_r_nmgy,0.05482536505059099,0.19116063210764683
log_flux_r_nmgy,0.0128280854425471,0.011194298565511043
log_flux_r_nmgy,0.1147729142009859,0.011312441906250312
log_flux_r_nmgy,-0.0003271270421862926,0.03090840062586308
log_flux_r_nmgy,0.24339823521012122,0.30050861874379997
log_flux_r_nmgy,0.2664884163959441,0.17240424909110294
log_flux_r_nmgy,0.15827616585000248,0.06186941489130511
log_flux_r_nmgy,0.025580018194521603,0.07790877828856857
log_flux_r_nmgy,-0.03146802328186249,0.20923561684224057
log_flux_r_nmgy,0.05153546950510049,0.13066404403966675
log_flux_r_nmgy,-0.17894783414460344,0.21188718908856438
log_flux_r_nmgy,0.4326227766547969,0.16496752883198618
log_flux_r_nmgy,0.1367527422948766,0.16932964978321594
log_flux_r_nmgy,-0.061204099422129746,0.13624938714625678
log_flux_r_nmgy,0.20729328380649334,0.22148182997706622
log_flux_r_nmgy,0.33373943836433756,0.2199398400741392
log_flux_r_nmgy,0.04859915901178313,0.019068020878114777
log_flux_r_nmgy,0.048971067369845134,0.02573791249185278
log_flux_r_nmgy,0.02415273111390892,0.011744537503008643
log_flux_r_nmgy,-0.017202348115354482,0.01821815339318627
log_flux_r_nmgy,0.21210751146666373,0.12147611770953688
log_flux_r_nmgy,0.35305551562404625,0.2372125183525716
log_flux_r_nmgy,0.30316899894048605,0.2042641381267905
log_flux_r_nmgy,0.06234253703354975,0.007522751318099743
log_flux_r_nmgy,0.08715529321138951,0.21823366213478154
log_flux_r_nmgy,1.8887607571737937,0.2544472022915123
log_flux_r_nmgy,0.27963853577444775,0.14481906474538142
log_flux_r_nmgy,0.08061942767494124,0.061025799003121696
log_flux_r_nmgy,0.05712522443620127,0.009532555685238765
log_flux_r_nmgy,0.08405422269378482,0.04753362227881625
log_flux_r_nmgy,0.027220088057677304,0.2623098537093271
log_flux_r_nmgy,0.1629312294389657,0.20150665545943858
log_flux_r_nmgy,0.16399065989651584,0.10480556631665491
log_flux_r_nmgy,0.20132520476925686,0.049909625792009894
log_flux_r_nmgy,0.06337190690544592,0.011735104209147388
log_flux_r_nmgy,0.3979472296829749,0.08740328962593144
log_flux_r_nmgy,0.586307985769102,0.2421375343375815
log_flux_r_nmgy,-0.03580850846528749,0.08765783590620013
log_flux_r_nmgy,0.4114744727908458,0.19618678888832244
log_flux_r_nmgy,0.21359032044720072,0.12393142894123027
log_flux_r_nmgy,0.05487941451977951,0.027482337805478492
log_flux_r_nmgy,0.007173505111138789,0.0781517806067335
log_flux_r_nmgy,0.02902420355640789,0.003405577390867646
log_flux_r_nmgy,0.010832746613354871,0.016342303254846494
log_flux_r_nmgy,0.03619309771655743,0.019153695412888243
log_flux_r_nmgy,0.02724325049643883,0.049371586830651
log_flux_r_nmgy,0.254529412190696,0.11524518437518566
log_flux_r_nmgy,0.45606700034645375,0.19323540559488434
log_flux_r_nmgy,0.2710735858796893,0.18132375791895597
log_flux_r_nmgy,0.025401569734697205,0.0017602397480544819
log_flux_r_nmgy,0.16046907019542767,0.04577789863675499
log_flux_r_nmgy,0.15133441509186651,0.1521057959203757
log_flux_r_nmgy,0.1449417682965326,0.11006456709887176
log_flux_r_nmgy,0.17581221328637708,0.0816386623636216
log_flux_r_nmgy,0.29715007950258976,0.15276725759488333
log_flux_r_nmgy,-0.04140655866974452,0.02841097473507259
log_flux_r_nmgy,0.27973520711539024,0.0812334371126438
log_flux_r_nmgy,-0.11984722804114817,0.2220407811068357
log_flux_r_nmgy,0.24267888232842272,0.17137901525764548
log_flux_r_nmgy,0.09280681309563699,0.026304254970303597
log_flux_r_nmgy,0.17785467876963468,0.06397915133843939
log_flux_r_nmgy,0.44433784442288565,0.17909711333366224
log_flux_r_nmgy,0.03898880651430857,0.1607108024685832
log_flux_r_nmgy,0.18735505625520332,0.025120462481361218
log_flux_r_nmgy,0.04209339249028554,0.011699468977063162
log_flux_r_nmgy,0.21167807147061835,0.043656815465172624
log_flux_r_nmgy,0.15102882203433127,0.11835375858988084
log_flux_r_nmgy,-0.20643612622795482,0.042644968738324705
log_flux_r_nmgy,0.031071588928208604,0.05338905553712525
log_flux_r_nmgy,0.09461540680824343,0.19171948518145276
log_flux_r_nmgy,0.22645210602785767,0.1760456702323261
log_flux_r_nmgy,0.14044751953964585,0.06232098219852992
log_flux_r_nmgy,0.09153729299775848,0.16387780741908936
log_flux_r_nmgy,0.27973027884612695,0.15831988910954845
log_flux_r_nmgy,0.22041442182786392,0.19378232104555854
log_flux_r_nmgy,0.11721643235380697,0.10162600583222503
log_flux_r_nmgy,-0.12650024478851452,0.07847059724459556
log_flux_r_nmgy,0.0002512024554466308,0.009076804312066509
log_flux_r_nmgy,0.08969427479260972,0.12011679895385624
log_flux_r_nmgy,0.38702659115527294,0.13202751892025402
log_flux_r_nmgy,-0.047401542185061096,0.0122866739399154
log_flux_r_nmgy,0.2934201702512782,0.2250553142191585
log_flux_r_nmgy,0.04212459185025674,0.1060178387209503
log_flux_r_nmgy,0.2254319393919209,0.20188782804865388
log_flux_r_nmgy,0.24011845968829526,0.14251877314783384
log_flux_r_nmgy,0.6666839660906532,0.23681772626223016
log_flux_r_nmgy,0.1442930099909201,0.054065653072919835
log_flux_r_nmgy,-0.24278108836243129,0.07320658939317592
log_flux_r_nmgy,0.15376252534025708,0.14203373585985268
log_flux_r_nmgy,0.22855050510889455,0.18183217892079848
log_flux_r_nmgy,0.0448346387555969,0.08115384175344095
log_flux_r_nmgy,0.21358163265146535,0.13986898059975073
log_flux_r_nmgy,0.1728085898845544,0.03323084593103254
log_flux_r_nmgy,0.011997371576150079,0.19897381288131255
log_flux_r_nmgy,0.19224594302392495,0.032933225773850563
log_flux_r_nmgy,0.02556133211820044,0.032959744924502106
log_flux_r_nmgy,0.10976055070620472,0.028803224231725294
log_flux_r_nmgy,0.0533605444996883,0.06436459374570971
log_flux_r_nmgy,0.1649447059326845,0.05011526431159999
log_flux_r_nmgy,0.05148363364942887,0.021608252254786794
log_flux_r_nmgy,0.018659448877463625,0.009299087277933321
log_flux_r_nmgy,-0.379291290017102,0.1823858386707226
log_flux_r_nmgy,-0.07235013555336633,0.10496965337223911
log_flux_r_nmgy,0.10594322066364537,0.09027317301771699
log_flux_r_nmgy,0.0815316503703957,0.20372511094143209
log_flux_r_nmgy,0.2418253803243986,0.0642894214271448
log_flux_r_nmgy,0.08123618674322475,0.04887992571691673
log_flux_r_nmgy,0.08114839246054473,0.15050275360088872
log_flux_r_nmgy,0.6955169318324388,0.16871601603739758
log_flux_r_nmgy,0.05363337445763516,0.07548388199454026
log_flux_r_nmgy,0.2698858407381044,0.11629016436331184
log_flux_r_nmgy,0.18892639642438724,0.059621766089950144
log_flux_r_nmgy,0.060889491080815206,0.16002076141731228
log_flux_r_nmgy,0.26021349597169047,0.21561631617782162
log_flux_r_nmgy,0.2646128966700807,0.1193979603605598
log_flux_r_nmgy,0.028232364220190043,0.004978348120841355
log_flux_r_nmgy,0.027963078501921035,0.05128575095457558
log_flux_r_nmgy,0.07213327794311708,0.08403752357121211
log_flux_r_nmgy,0.012234307416094076,0.1710006142760993
log_flux_r_nmgy,0.20811571729596612,0.1565345274037497
log_flux_r_nmgy,0.0026557022755004933,0.047167274733192446
log_flux_r_nmgy,0.21137872869758478,0.09306834845124254
log_flux_r_nmgy,0.6045686505609298,0.1250806727261029
log_flux_r_nmgy,0.007722795055594034,0.03271830380443542
log_flux_r_nmgy,-0.0395691264271969,0.04499787583157519
log_flux_r_nmgy,0.06363873006837517,0.06758669476709495
log_flux_r_nmgy,0.1426213558146392,0.06556957955085721
log_flux_r_nmgy,0.027117729508424393,0.021118244288334278
log_flux_r_nmgy,0.04986313273670506,0.08540180922238418
log_flux_r_nmgy,0.18324005569776985,0.16379384012172382
log_flux_r_nmgy,0.05092877545907948,0.013215234417326263
log_flux_r_nmgy,0.09205471870856119,0.08699094064708485
log_flux_r_nmgy,0.3791346672428483,0.1714195920449999
log_flux_r_nmgy,0.28741219065559254,0.12832659724848974
log_flux_r_nmgy,-0.03767397833425748,0.21481428917801806
log_flux_r_nmgy,-0.09621094969031829,0.0558413088339874
log_flux_r_nmgy,0.17240128557609852,0.13207864408781878
log_flux_r_nmgy,0.2927746342919392,0.21499670938807688
log_flux_r_nmgy,0.03751556945576784,0.0029417761922920435
log_flux_r_nmgy,-0.00040260027600602655,0.01274886446046114
log_flux_r_nmgy,0.44014013026961396,0.09509183158335148
log_flux_r_nmgy,0.18508281544131272,0.17705794323174368
log_flux_r_nmgy,-0.07566750635231356,0.017978600488521575
log_flux_r_nmgy,-0.09981205527743386,0.06674858196199109
log_flux_r_nmgy,0.02604606957897504,0.006479250039521521
log_flux_r_nmgy,0.2006707262140417,0.13312704837479575
log_flux_r_nmgy,-0.023933129693912314,0.1347563961332124
log_flux_r_nmgy,0.007228868779882824,0.08816283990631951
log_flux_r_nmgy,0.03949455790779868,0.16630055775898023
log_flux_r_nmgy,0.0026231425746860992,0.023154826406393495
log_flux_r_nmgy,0.26390429926662434,0.13180313915648573
log_flux_r_nmgy,0.16670754026248924,0.1485875794876393
log_flux_r_nmgy,0.06471809984265231,0.21575678263570452
log_flux_r_nmgy,0.3826915518973559,0.2545745683599725
log_flux_r_nmgy,0.038500542658730263,0.06726560235919826
log_flux_r_nmgy,0.029719341172434355,0.026613395506933132
log_flux_r_nmgy,0.382865915165019,0.1736688676864263
log_flux_r_nmgy,0.09596516995113336,0.2522820562833261
log_flux_r_nmgy,0.5539955078399345,0.20862472654380498
log_flux_r_nmgy,0.060391961532159755,0.03704159987106904
log_flux_r_nmgy,0.3424545474253924,0.08212500514009313
log_flux_r_nmgy,-0.05900313933256529,0.09174754217691754
log_flux_r_nmgy,0.016199504396333775,0.11492193453038771
log_flux_r_nmgy,0.06764386141036294,0.021054167849073165
log_flux_r_nmgy,0.031692134336846145,0.006416693516730524
log_flux_r_nmgy,0.06349131377847939,0.03801237852925551
log_flux_r_nmgy,0.17233706896960443,0.16887125338752654
log_flux_r_nmgy,-0.21125397628732437,0.24400429035219134
log_flux_r_nmgy,0.060446511657721747,0.08261834264116287
log_flux_r_nmgy,0.15076073524759603,0.0914020220730476
log_flux_r_nmgy,0.1095066253601272,0.14753537330933966
log_flux_r_nmgy,0.07024565437053387,0.1095041797460523
log_flux_r_nmgy,-0.021092536584531585,0.125753044830704
log_flux_r_nmgy,0.14736342826674942,0.06302695830533192
log_flux_r_nmgy,0.48744151649430156,0.11039248842923094
log_flux_r_nmgy,0.060779995697818036,0.10879701029164687
log_flux_r_nmgy,0.09560156996362701,0.06265146204884738
log_flux_r_nmgy,0.08387152666896891,0.3453188555425117
log_flux_r_nmgy,0.050602060673445415,0.010422849957859845
log_flux_r_nmgy,-0.3680874546674764,0.2643305056992775
log_flux_r_nmgy,0.03919795365316503,0.004374570071037008
log_flux_r_nmgy,0.1449494318191974,0.09732908463281507
log_flux_r_nmgy,0.027141785904919002,0.030482453190503557
log_flux_r_nmgy,0.06605109264083109,0.06165127576878786
log_flux_r_nmgy,-0.07872050725137048,0.09118135097934761
log_flux_r_nmgy,-0.008991610964695473,0.03486230271932588
log_flux_r_nmgy,0.10804307961805093,0.05549626080659801
log_flux_r_nmgy,0.04538198594873977,0.06718174389236813
log_flux_r_nmgy,0.5388571977878195,0.23290587039192742
log_flux_r_nmgy,0.11210874911803353,0.23097223772490852
log_flux_r_nmgy,0.13240054087582728,0.12428785255178958
log_flux_r_nmgy,0.10348751173062976,0.012247321001567047
log_flux_r_nmgy,0.015216286761460474,0.044594237192116214
log_flux_r_nmgy,0.14572572445775692,0.20649873010076766
log_flux_r_nmgy,1.258736892479766,0.04018899306197138
log_flux_r_nmgy,0.02163794977413458,0.019224746506350882
log_flux_r_nmgy,0.05972285363409768,0.07172389081611893
log_flux_r_nmgy,0.2010290511253885,0.16626843488389706
log_flux_r_nmgy,0.033704226885619804,0.004469166115804734
log_flux_r_nmgy,0.2727097728605771,0.2173967342412962
log_flux_r_nmgy,0.36914622318064727,0.17905573553103324
log_flux_r_nmgy,0.12992935234853065,0.0858930809895831
log_flux_r_nmgy,-0.04096168391697419,0.061160809001996566
log_flux_r_nmgy,0.0780855084013451,0.06719616069673623
log_flux_r_nmgy,0.04454395502012032,0.10288398184004588
log_flux_r_nmgy,-0.12496794853893767,0.3650191614815111
log_flux_r_nmgy,0.5168114523921241,0.14020720224607935
log_flux_r_nmgy,0.11958407056534837,0.14569184121652146
log_flux_r_nmgy,0.441251438541057,0.13594759225651454
log_flux_r_nmgy,0.44431152610491276,0.2789554450945927
log_flux_r_nmgy,-0.40560030686470117,0.22933087885947773
log_flux_r_nmgy,0.08935260670375722,0.14757062858490666
log_flux_r_nmgy,0.14354774644209334,0.04129194639318857
log_flux_r_nmgy,-0.33689017771725993,0.08119326991189665
log_flux_r_nmgy,0.013048452025667512,0.06247375687008614
log_flux_r_nmgy,-0.006164059930521049,0.013302724137705654
log_flux_r_nmgy,0.15758966110399564,0.17541004791839293
log_flux_r_nmgy,0.09901823940843574,0.07554036337200112
log_flux_r_nmgy,0.0006753617592738514,0.05625619144119333
log_flux_r_nmgy,0.016041846265641757,0.02291282418763876
log_flux_r_nmgy,0.28294285258598445,0.2646557665649415
log_flux_r_nmgy,0.19392336145716327,0.20564037964998616
log_flux_r_nmgy,0.0705927515573596,0.1609580084634911
log_flux_r_nmgy,0.05856624179225934,0.31145598728517904
log_flux_r_nmgy,0.2778650896039111,0.3847719573190869
log_flux_r_nmgy,0.018074627480615835,0.04069422320665071
log_flux_r_nmgy,0.3277522919297706,0.08832460727246905
log_flux_r_nmgy,-0.07840829690724527,0.07174529900487356
color_ug,0.09436055154328493,0.1835850328840131
color_ug,,1.0078871475219933
color_ug,0.038425114062058174,0.11611019534670483
color_ug,0.054656297510372154,0.17335622683813998
color_ug,0.3778475105529384,0.5686613150370858
color_ug,,0.7406925019598597
color_ug,0.1204645179738153,0.4126323206358516
color_ug,1.2422007820255203,0.9124534339567096
color_ug,0.24810611535470994,0.734952862993183
color_ug,0.2718553691532455,1.0610782873096853
color_ug,,0.33861810177790075
color_ug,-0.5971800168192196,0.9240517308286856
color_ug,-0.13959710864296926,0.04470267139772214
color_ug,-0.9401289208496604,0.5323576958954545
color_ug,0.8843718444832556,0.9293058988534517
color_ug,-0.21156937391867625,0.4026070174896053
color_ug,,1.0508972920453525
color_ug,,1.1016762742155397
color_ug,1.3766801798322534,1.0911487519290914
color_ug,,1.1526472825429075
color_ug,-0.017114002025537478,0.5511643195521106
color_ug,,0.7403988288090682
color_ug,0.005105419768293595,0.5380559581884568
color_ug,1.0541228488310257,0.9197386602318184
color_ug,0.05302007503634021,0.5146348946626523
color_ug,,0.9241615552060163
color_ug,,0.6298781713979424
color_ug,,1.151638864047577
color_ug,1.9792192289673893,1.2089267467093827
color_ug,0.05122167892729679,0.02289511752657187
color_ug,0.15343728049093974,0.70853267709057
color_ug,,1.2201731851962179
color_ug,0.11845811909865722,0.15202237318263295
color_ug,0.6098086407197943,1.1622001936311555
color_ug,,0.3298615939472302
color_ug,-1.2483226740325821,0.40271830421043486
color_ug,0.7180282762635661,0.9147236703620818
color_ug,-0.2993722513607149,0.1890894613831229
color_ug,-0.08154915552343267,0.05615056539171051
color_ug,-0.10536741178823217,0.17403870111064548
color_ug,0.33049101798681346,0.28621491072021993
color_ug,,0.9693078058780091
color_ug,1.1362665766680111,1.161249104833933
color_ug,0.41716166965174595,0.5221576061055667
color_ug,0.8629482902924769,0.4792079010140993
color_ug,-1.0500371553962324,0.25104090612403007
color_ug,1.043020828848457,0.8241120777165869
color_ug,-0.0035043407176835184,0.7955490715983864
color_ug,-1.0698516258532669,0.6823486865786353
color_ug,3.116154275527265,0.8152299540654822
color_ug,1.6496263984497674,1.2446017068622712
color_ug,-0.40282518191500055,0.44771051236581255
color_ug,0.17342264248670713,0.6085649640914538
color_ug,,1.0682651479765688
color_ug,-0.23234518828789524,0.22418431616724066
color_ug,-0.25135101260341336,0.3361188458926396
color_ug,0.18985799306920503,0.8557443156245281
color_ug,,0.9953492018075359
color_ug,-0.17992387168951884,0.10587368345002737
color_ug,0.039644960441025806,0.28651023460273306
color_ug,-1.335559145547449,0.34119217318039347
color_ug,,1.0334622422477737
color_ug,-0.5103965424766747,0.5783556336479698
color_ug,0.33427357797646806,0.4655448717731719
color_ug,1.0681850638806147,1.0870953006989093
color_ug,,1.1109361077278799
color_ug,-0.011386783101334785,0.01979617474776037
color_ug,-0.9427182838872965,0.4720007062260196
color_ug,-0.09376249004884496,0.8730251474934014
color_ug,-0.43137173022562125,0.4884085404428149
color_ug,0.4308614864582009,0.6049276627752783
color_ug,0.06436045186481643,0.03359114413185414
color_ug,-0.07460340569757551,0.13543229961447992
color_ug,-0.5114037819956014,1.0438964851002124
color_ug,0.988719046019796,0.7551575960875991
color_ug,0.06441971945040881,0.027069279291773402
color_ug,-0.3227936060203309,0.23562127607638195
color_ug,,1.0409334135699237
color_ug,-0.3548150283507985,0.21256562485470698
color_ug,4.6020715788865125,1.2212836691143367
color_ug,-0.14530615467294805,0.1159261081687643
color_ug,-0.2429991914457954,0.19358369208724363
color_ug,,0.6268412625635654
color_ug,0.030914222179154294,0.013099913542965266
color_ug,,0.7464951094147142
color_ug,0.014752689825576315,0.2323395897194445
color_ug,,1.3431827689105136
color_ug,-0.22540799430134345,0.3682769443556297
color_ug,-0.012236544602555188,0.7173607873756281
color_ug,-0.22465026433364343,0.6030470065820686
color_ug,,0.7263887987891325
color_ug,,0.9327219324196908
color_ug,0.7721845528600069,0.7063068446375559
color_ug,0.018378524414036757,0.21692711540858714
color_ug,1.7247491462531215,1.0685478190321225
color_ug,0.14911276171969273,0.48700793655832175
color_ug,,1.1223721011278536
color_ug,-0.24193334518749657,0.4800224458449484
color_ug,,0.7538530225097678
color_ug,2.5124895219258536,0.4778644004615198
color_ug,-0.019485296541966513,0.1365429599483524
color_ug,0.4113767278794944,0.32619785744930074
color_ug,,0.6199251512916035
color_ug,-0.06298465048244628,0.33301656622863757
color_ug,0.024807231091960036,0.11380912689924551
color_ug,-0.051520687355955275,0.044190150854426284
color_ug,-0.03478829372406411,0.12565073719887432
color_ug,0.29649027026018315,0.4066689698714432
color_ug,,1.2917461317742978
color_ug,-0.1268749234239892,0.21570886751030496
color_ug,0.40008802440523805,0.8383547280884925
color_ug,0.26700145046197865,0.726056454662029
color_ug,0.22314357899132353,0.1866369121730808
color_ug,0.04906834153974704,0.11504184440662607
color_ug,0.12611335097523146,0.2520595417734715
color_ug,,1.0575149763102436
color_ug,-0.17161363028401083,0.25197592697251364
color_ug,0.9188776289029856,0.7524825642370464
color_ug,0.0013415270878448515,0.03811833001144539
color_ug,,1.3071438022502453
color_ug,1.0627124536318187,0.6479364500730882
color_ug,0.2731675070090278,0.48115306753270404
color_ug,0.2711821551898745,0.24176483588381967
color_ug,-0.22068847718582224,0.2184193023983868
color_ug,0.4716610141641131,0.8710831607533205
color_ug,1.9730075932875608,1.1834978140573065
color_ug,-0.15626504869984603,0.2714220660925423
color_ug,-0.25618504945090637,0.6883540869137528
color_ug,0.08440718080243981,0.0847705894326998
color_ug,0.04146769159184427,0.2284688151034226
color_ug,0.017812831073810598,0.3768620489862203
color_ug,1.5332148541251307,0.8643696872982503
color_ug,1.8005150588922652,0.8693576171787585
color_ug,,0.9754250405744791
color_ug,0.15844122190928844,0.6033283115331548
color_ug,,0.6451046784313293
color_ug,-0.08046031195989661,0.3549612382934124
color_ug,0.21374164899661632,0.9962267547619652
color_ug,0.15525025207798382,0.1671028527699938
color_ug,0.8830185392009098,0.891585561936949
color_ug,,1.0587962341428452
color_ug,2.37574546412943,0.14712480898912667
color_ug,0.29894684358741097,0.4027025782792473
color_ug,0.7777506604962008,0.6205654353524485
color_ug,-0.5285005098393782,0.5162594028739546
color_ug,0.2610202481323017,0.41641358902018755
color_ug,0.1579229458475373,0.15633083470003073
color_ug,-0.0546001288035553,0.28941013108931596
color_ug,0.0976103636875956,0.10473915190680678
color_ug,,0.7709821740684523
color_ug,,0.5281885297160701
color_ug,0.0025641043517450335,0.06102541480596768
color_ug,,1.1222557664241006
color_ug,0.5308136098684952,1.706935098256988
color_ug,4.12697527697676,1.067377987085848
color_ug,0.11299286300972733,0.30672441144066254
color_ug,-0.12530892303715607,0.3553424848018263
color_ug,,0.9419670824993559
color_ug,0.03177638258326676,0.042171159575839695
color_ug,-0.04569661949946813,0.036947092015000044
color_ug,,0.7536289525801954
color_ug,,0.9265799090523522
color_ug,,0.8804054029695964
color_ug,0.8756309882880889,0.8305898849576078
color_ug,0.46848309786698383,0.22941506662395544
color_ug,1.6665553422968347,1.178379983029932
color_ug,,1.1543940576810359
color_ug,-0.11655425656324447,0.911825258019631
color_ug,0.25949722724646107,0.6155506164358518
color_ug,0.2509899754425383,0.6050365952987515
color_ug,,0.921428432019392
color_ug,-0.1522745673164736,0.8881390185079482
color_ug,,1.3091866877232754
color_ug,-0.7419761230126998,0.4763328219721284
color_ug,0.7898445479755045,0.6175814611186116
color_ug,0.06022275070890526,0.05047642542906956
color_ug,0.04386712700550699,0.051726475328298306
color_ug,-0.47046029646877363,0.23951950651136772
color_ug,,1.0514942939228955
color_ug,0.2156325486136867,0.8839310708896738
color_ug,-0.2102025858450589,0.15511685850800866
color_ug,0.08774373161176985,1.011191903954465
color_ug,-1.3761313709211014,0.3798910375522056
color_ug,0.11269736423008836,0.9092713401878411
color_ug,-0.29548010902977295,0.26848922477048814
color_ug,-0.009222944059755545,0.06232340819035065
color_ug,,0.8818990552039191
color_ug,0.11828171103661178,0.9630003155207936
color_ug,0.11377597934242378,0.8288406779436556
color_ug,-0.17113132587573054,0.696481788362076
color_ug,0.1696165016362715,0.17773933930834596
color_ug,0.0475454861732294,0.04393204722967521
color_ug,-0.9400028407280807,0.16098433413082092
color_ug,,1.0497633685280912
color_ug,0.007084457789857335,0.45172557938209756
color_ug,1.6044660084887226,0.9154379466689051
color_ug,-0.9571923094140684,0.32489510746876027
color_ug,,0.6217488125095451
color_ug,0.04356501530551593,0.7084980530979988
color_ug,0.025808773657299833,0.022038915039522915
color_ug,0.0597501182598994,0.08449488824665526
color_ug,-0.009077406373023233,0.12385983926797448
color_ug,-0.06560055162696721,0.21871122134249396
color_ug,0.04921587455902554,0.5884013367907427
color_ug,-1.5379136561601465,1.3392043302638315
color_ug,3.8511622243517825,0.8278479488936041
color_ug,0.04567115248586595,0.008107474293379501
color_ug,-0.04679164433246337,0.09916099448232575
color_ug,0.8505371265558513,0.9204546030205054
color_ug,0.20613902488911928,0.6538046759368732
color_ug,-0.5387741018452635,0.4791958712537122
color_ug,,0.954007607043491
color_ug,-0.7284782424986083,0.21313826345093112
color_ug,-0.737586439609639,0.13175693373987818
color_ug,-1.4029877993182127,0.7258037959541614
color_ug,,1.0738523817924484
color_ug,0.12527748916767223,0.10342646202288573
color_ug,-0.020516142405095916,0.15758940299281207
color_ug,0.33063076548520276,0.7981778454974346
color_ug,,1.2388956030502833
color_ug,0.14871866659118882,0.10955105575633668
color_ug,0.044428601605937645,0.06347970949208118
color_ug,-0.2866530182593934,0.1450365067327397
color_ug,-0.08061885368743704,0.24834924784323903
color_ug,0.04591074242955062,0.2226220038482669
color_ug,-0.7391854815193866,0.757563555693842
color_ug,0.194217772190852,0.6649308924615326
color_ug,1.4653908890182838,1.1459386404301768
color_ug,-0.4055530837657082,0.780682183079509
color_ug,0.7227572845855801,0.8893670571302544
color_ug,0.31495396153388255,0.43315050943008143
color_ug,-0.08155746418695797,0.6458456557814231
color_ug,-0.8225166346859847,0.18065795959594547
color_ug,0.050322079101995265,0.7053427442194535
color_ug,0.1600950718989329,0.10388779524695414
color_ug,-0.05861783325528569,0.23265920694003883
color_ug,0.11392352225858782,0.6087356881069664
color_ug,0.24486622003289105,0.12334205343262605
color_ug,,0.9999345631747676
color_ug,0.6432466632600613,0.676556778629225
color_ug,,1.43066249676244
color_ug,0.7641205828995092,0.19947073554309525
color_ug,-0.38889180629870723,0.504306780454296
color_ug,-0.27470515156190567,0.21019281844041385
color_ug,0.12470015124925837,0.27552123200728396
color_ug,1.8752235609500945,1.1574669210202224
color_ug,-0.36072325210939715,0.8030861527946631
color_ug,-0.19853092502480907,0.680348803028548
color_ug,-0.3489972560534036,0.650355362862463
color_ug,0.3001874573259494,0.20934189073396914
color_ug,0.520272783181869,0.8029979197937491
color_ug,0.3963004488072758,0.1917979406673843
color_ug,-0.2602177577298024,0.22448799012778178
color_ug,-0.07606009604398756,0.13637571268339435
color_ug,-0.2690185571501358,0.26059039870910405
color_ug,-0.6364157016786218,0.5802048278994066
color_ug,-1.5907487204718698,0.4989523700490501
color_ug,0.05511751943019427,0.0485852985652733
color_ug,-1.0300304869421042,0.303815207622822
color_ug,1.6665914391101484,0.9578896580834227
color_ug,2.1544821016383677,0.956417243744146
color_ug,,0.843181132715647
color_ug,0.23779395470423914,0.48950702095195153
color_ug,-0.05060953996523132,0.1773180729846812
color_ug,,0.9642043838220494
color_ug,0.7555663667772028,1.0496253293662035
color_ug,-0.20187771723993053,0.17466508498048516
color_ug,0.17129139304120655,0.3220603342743722
color_ug,0.48934096928635906,0.9326383035843315
color_ug,0.2930735149458409,0.8954977901262093
color_ug,0.5805628513029939,0.9612327555895398
color_ug,3.6661320594125177,1.0058718336048489
color_ug,0.06083211815545653,0.10264582297719886
color_ug,,0.6427788609393914
color_ug,-0.40183729968115056,0.5389905186393321
color_ug,-0.8144791839854277,0.37641429351006445
color_ug,,1.262272655714249
color_ug,,0.6965842870339155
color_ug,0.05726375751949675,0.5662171184214565
color_ug,0.7578696389325839,0.7339971210782527
color_ug,0.39089096503999543,0.1729678999193846
color_ug,-0.6206503862509738,0.688196498896565
color_ug,-1.8526890386822363,0.289285141043782
color_ug,-0.900604966247478,0.4573295873548533
color_ug,,0.45831212443326597
color_ug,3.121393457019262,0.9603454518470134
color_ug,0.407787893307357,0.7901661204104169
color_ug,0.1762468835638713,0.10221615466061734
color_ug,-0.14737813846405856,0.340047535462582
color_ug,1.2353259070173097,0.7799764369981158
color_ug,2.1935649066528202,0.9444998072618918
color_ug,0.6156998502530886,0.7507794573987019
color_ug,-0.23883437884765768,0.2545813200499053
color_ug,,0.8009902134723587
color_ug,0.739754655717382,0.954960189386676
color_ug,-0.012210379739074684,0.011648359652231589
color_ug,-0.05737286860551072,0.03880104193793768
color_ug,-0.40088069622495504,0.1265875856238778
color_ug,-0.22938251946240107,0.77198278352579
color_ug,0.49965076465283964,0.20499437626011643
color_ug,,0.8802217641731106
color_ug,0.0003297895000029527,0.03747701466987999
color_ug,0.7370235016032438,0.8107960832046637
color_ug,1.3405017053609227,0.9335991452224277
color_ug,-0.6885690747685139,0.3835563287936972
color_ug,0.8478896374709755,0.9977724576645146
color_ug,,0.5813918824495765
color_ug,1.0527447681333504,1.0177626584119899
color_ug,-0.05346856920056986,0.8004789245425393
color_ug,,1.3270235547599927
color_ug,-0.5674148913507144,0.5058135409996918
color_ug,0.636603898662557,0.3277850757210752
color_ug,0.6237764370117511,0.37189266537748816
color_ug,-0.8900812088707011,0.27253011094775836
color_ug,1.5696694699165887,1.1032357417541474
color_ug,,1.2757038544763122
color_ug,-0.3633094687094094,0.16490473295045202
color_ug,-2.315562879422919,0.6969089030384698
color_ug,-0.2655293907587446,0.20686492436218
color_ug,-0.00414263381537916,0.4113279677164958
color_ug,-0.20154014630021422,0.0996689033487045
color_ug,-0.10167485696486667,0.1705939311845151
color_ug,-0.04286037040786894,0.16127250921902364
color_ug,0.5026876813393709,0.6705293201951742
color_ug,1.6724605476138883,1.1498384570912008
color_ug,-0.19505083542988977,0.2128451223757686
color_ug,-3.460479003487584,1.0017580405565492
color_ug,-0.13972689106927963,0.28187397186629365
color_ug,0.07696345748166078,1.2879739502608634
color_ug,0.751243169983431,0.800014023929777
color_ug,,0.6974040771158855
color_ug,-0.9440968237520387,0.3457141403584144
color_ug,0.7288752171755313,0.8934821401286611
color_ug,0.11373166462069118,0.3738936430801432
color_ug,,0.6014786749009032
color_ug,-0.09411854936151742,0.04457516579953509
color_ug,-0.03392571186223847,0.8224038086671916
color_ug,0.08695364928753113,0.1219925595814027
color_ug,0.18699745894672565,0.30000584491785526
color_ug,-1.800459499116843,0.3894206908519975
color_ug,0.36269270885755933,0.6326462364590129
color_ug,0.5512209284399532,0.5644647193938981
color_ug,,0.6754841916551071
color_ug,-0.16083046373408683,0.09988669510365628
color_ug,,0.6290500629507592
color_ug,5.871106529281182,1.0175966625151884
color_ug,-0.6361649816931967,0.6211383768337184
color_ug,1.4201837831349553,1.137615564106414
color_ug,-0.10095525492146096,0.05054294815357498
color_ug,3.9047845699662305,0.8240375086200805
color_ug,0.14528166537863407,0.6972772610799083
color_ug,-0.14657686785069002,0.08913469785899653
color_ug,-0.026195229992269198,0.3585384650255087
color_ug,,0.6344648631988563
color_ug,,1.0940555176456956
color_ug,-0.006071937770346647,0.07454490128161864
color_ug,-0.06445480590384461,0.5988524888860975
color_ug,0.7281174318036763,0.8214465874392631
color_ug,-0.5136513257060189,0.32548130234137446
color_ug,0.2277037790927534,0.27607041890098366
color_ug,,0.705596290056343
color_ug,0.03497001468518279,0.321200081094635
color_ug,,0.8355007545702907
color_ug,,0.862621511707945
color_ug,0.4984240619299152,0.8278897865238515
color_ug,0.21332589118646272,0.37641053745490116
color_ug,0.9598154543177184,1.122173204322414
color_ug,,1.1309452574259922
color_ug,,1.0796784089385651
color_ug,,0.68278943710303
color_ug,0.5361656111440949,0.6071675378755101
color_ug,0.03296657584003038,0.27103558909450026
color_ug,0.4683653433851305,0.4938243847379376
color_ug,-0.190805864144171,0.9799232446040995
color_ug,1.5508864914402052,0.5722395497591604
color_ug,0.18719844314816925,0.17279912141831186
color_ug,-0.2745989435960001,0.32005710949154104
color_ug,0.16486763222893036,0.5526615028858088
color_ug,,1.081304280694583
color_ug,0.5755330900990472,0.820906647817987
color_ug,-1.6883736848884285,1.0136132955681851
color_ug,-0.8076482875485189,1.110242520594119
color_ug,0.030476252856971864,0.14860319078113293
color_ug,-0.037066833319285175,0.3605501289692704
color_ug,0.6205043219460422,0.8179578825743893
color_gr,0.03855744531084532,0.07538701322851762
color_gr,0.3671047078127483,0.3354886594350894
color_gr,0.024707190867571283,0.033317228803583294
color_gr,0.008234485546161574,0.05825808990416826
color_gr,-0.0014901053452007762,0.10130121507644302
color_gr,0.17973936190579232,0.21474921782497738
color_gr,-0.0528547634855403,0.06900559507970708
color_gr,0.03838477153267117,0.17321474383170454
color_gr,-0.3574576969051987,0.17617776252575604
color_gr,-0.3569004578726056,0.21114042299726396
color_gr,-0.15291535460189887,0.07729950770074492
color_gr,-0.30863179325032397,0.2522363117152405
color_gr,-0.07366953457775716,0.01510313490030342
color_gr,-0.07535907034743072,0.07227079801393009
color_gr,0.09791668616543792,0.2166235755165728
color_gr,0.10425044118519444,0.1373292416265792
color_gr,-0.7590535074428733,0.3661425815862057
color_gr,-0.6267158585827288,0.26676073367328057
color_gr,-0.19116812811823142,0.24096903086266402
color_gr,0.5523113184407684,0.33515079451419094
color_gr,-0.32051454114773625,0.15503164614184498
color_gr,-0.034124836019375104,0.18063668297391514
color_gr,-0.01115641973241227,0.16694868379240602
color_gr,0.01269528547857468,0.1710174051391662
color_gr,-0.04154783238016957,0.12776860070419627
color_gr,-0.8603439445184144,0.24344377644247153
color_gr,-0.057237299049711754,0.13671501860806562
color_gr,-0.4768104922587575,0.2800463612092173
color_gr,-0.21015860349557114,0.31413324326406716
color_gr,0.002155482690303634,0.0057527668219915454
color_gr,0.03987393680551454,0.1396525585351768
color_gr,0.09859613931129907,0.3440163792550667
color_gr,-0.001089738869951118,0.04477768536019866
color_gr,0.1459353250470119,0.46482886503398174
color_gr,-0.0018232806380840128,0.15496917537703445
color_gr,0.049783172057580316,0.03284916019584143
color_gr,-0.09205843888109455,0.22009804728461085
color_gr,-0.11259255827605474,0.0783301022870805
color_gr,0.0017148343811543842,0.0073093618088676034
color_gr,-0.0702825116345358,0.07056771530094268
color_gr,0.0035074811862310096,0.0411794956168455
color_gr,0.13547383053748452,0.331449066424145
color_gr,-0.116718105442978,0.3286660291420043
color_gr,-0.07718291921157028,0.08101303573376936
color_gr,-0.11815043757221033,0.14775463905256478
color_gr,0.29571897593667135,0.10125982572067886
color_gr,0.07605701905456752,0.1147390684975376
color_gr,0.3185054614832823,0.2251776268544475
color_gr,-0.10932025054138683,0.05169656485863305
color_gr,-0.05874369292512682,0.13915469724754395
color_gr,0.0033299601369083387,0.48513738474479473
color_gr,0.1341613597207565,0.18932519314369847
color_gr,-0.04725133974277651,0.10315928053574264
color_gr,-0.4276591300899726,0.165797293865081
color_gr,-0.021823771116596502,0.0909799846285168
color_gr,0.024699540154275668,0.13540682443004548
color_gr,0.2100690385214934,0.17194488466234634
color_gr,-0.07654514120994094,0.285800982615402
color_gr,0.054262858734820396,0.013165637233847376
color_gr,-0.27869591980342,0.13793404287161676
color_gr,-0.1062646443320191,0.2764189499553092
color_gr,0.3073488509412927,0.24524627779728886
color_gr,-0.04411861121704819,0.11377569788950673
color_gr,-0.020205827620307426,0.03525671938190223
color_gr,0.10429951355962941,0.3252000685496675
color_gr,0.3958079171330957,0.2445562699153414
color_gr,0.00907199859649832,0.004184018560482442
color_gr,0.33294419092119276,0.21438531735131403
color_gr,0.3060699199960739,0.1680781409619312
color_gr,0.03284781060937125,0.05110356508601481
color_gr,0.12012261519806461,0.1882600356222059
color_gr,0.02930531169817918,0.005424986211567384
color_gr,-0.01421053444622511,0.021916983433378227
color_gr,0.07138572511441987,0.2552237423284826
color_gr,-0.13137666106415025,0.18364995131828965
color_gr,0.01146336141657639,0.008876023435314795
color_gr,0.012700008310029043,0.034889199730138674
color_gr,0.5678924446964642,0.29738045904944094
color_gr,0.0835792650951516,0.09102312338784321
color_gr,0.01780074105982199,0.28019442263725636
color_gr,-0.06045546775644861,0.05436655008619071
color_gr,0.04342126067817631,0.020618337345213154
color_gr,-0.14610112825737476,0.07596009927228452
color_gr,0.012635931652352494,0.0036515180452269453
color_gr,0.06727720228725431,0.12753536710671742
color_gr,0.10469404845710639,0.06721857735949109
color_gr,-0.446584787216632,0.7185942088304608
color_gr,0.06788403469578774,0.14264240677148224
color_gr,-0.021974482109817783,0.04872750254308184
color_gr,0.41777043276446457,0.20568655418431453
color_gr,0.0369152905545298,0.16300776665078454
color_gr,0.3911283620538547,0.2019366668624322
color_gr,-0.2140556857561402,0.05363639575548062
color_gr,-0.2223740481770924,0.06986949973706477
color_gr,-0.10416681716674736,0.2540111848595398
color_gr,-0.21041089166658028,0.17925851688056418
color_gr,0.028781599306775707,0.1851740662279538
color_gr,-0.10406455793009783,0.21671797320781244
color_gr,-0.4491853475707803,0.21089284743056036
color_gr,-0.0734354465482957,0.1899892245102212
color_gr,0.020206441081766835,0.014411076912340372
color_gr,-0.016607505561215152,0.05794910845030642
color_gr,-0.14348821196867045,0.17116629549068252
color_gr,0.021740156240522834,0.03144525664695522
color_gr,-0.10621766562758067,0.05862979995348826
color_gr,-0.021917026310947274,0.008177441869774076
color_gr,-0.05055552906684435,0.04250434995365365
color_gr,-0.0896204270167944,0.11351257794364598
color_gr,-0.10082408883950156,0.4535782341631408
color_gr,-0.055282644960933935,0.0756221389437434
color_gr,0.04960395346550306,0.10281820220368225
color_gr,-0.06275713331717392,0.17135896013577787
color_gr,-0.14264914745162538,0.0735663351637504
color_gr,0.004670462010981757,0.03832544970944961
color_gr,-0.10221755611177863,0.046661272106194106
color_gr,0.024325245461482847,0.2342864147173822
color_gr,-0.13242831851080106,0.1086790015190886
color_gr,0.16290478532153485,0.18493672417138776
color_gr,0.015579068751744335,0.01893915180149633
color_gr,0.3844584971929388,0.391062919904824
color_gr,-0.04547000513487187,0.09261922166126932
color_gr,-0.02453347472438616,0.10230749345116678
color_gr,-0.04762291544567904,0.09372427894507336
color_gr,0.07497100777283672,0.09575112339148316
color_gr,0.2952406502852142,0.230705795869524
color_gr,0.16131759597513917,0.2788936317288314
color_gr,0.09384877124609825,0.06041490340792122
color_gr,0.19698418053999778,0.15281731348545025
color_gr,-0.09385509322793917,0.028254743616623293
color_gr,-0.08896655864449332,0.08724215671736016
color_gr,0.14270013701113393,0.13172370262460598
color_gr,-0.12494783464279591,0.15774753375446232
color_gr,-0.05886407330035792,0.20365059317141973
color_gr,-1.9323925906110082,0.2690295544431664
color_gr,-0.037404669065730256,0.21791081462869952
color_gr,-0.2260864664589619,0.13606008742603426
color_gr,-0.030932610913766867,0.12977537791249252
color_gr,-0.049057984320087455,0.41115719155881847
color_gr,-0.01524244342697445,0.0632821280289259
color_gr,-0.1850746213431147,0.20297446762552587
color_gr,-0.737697314961189,0.24367933974520242
color_gr,-0.09118028935622036,0.13161693691325177
color_gr,-0.024716826527181546,0.06833634861793009
color_gr,0.18743934370230675,0.08658695295155054
color_gr,0.07932643849859244,0.2160490415378935
color_gr,-0.1500597330083181,0.13560040749910138
color_gr,0.02143565757753585,0.01839091712862133
color_gr,0.15629161038224226,0.10919677101581805
color_gr,0.013353750661742714,0.05238433305918936
color_gr,-0.018183937606165768,0.2319365569907763
color_gr,-0.10527198727295872,0.12058894798718417
color_gr,0.0251396692843171,0.009149454889698833
color_gr,0.7907126104025656,0.2967174816194026
color_gr,0.17756730624732775,0.8889248677386787
color_gr,-0.2619843864649185,0.22908134036195635
color_gr,-0.041457938739064226,0.08258234352831478
color_gr,-0.15847277140247107,0.1508447838554405
color_gr,0.3218661638395558,0.2426902962172306
color_gr,0.05964527384455365,0.015561666907246991
color_gr,-0.03083019134266113,0.013902603249597524
color_gr,-0.004865572801709739,0.08149131354515392
color_gr,-0.49540270883607507,0.3291882613399936
color_gr,-0.09702837233203865,0.24565188456185647
color_gr,0.012013922327334114,0.13448853456220725
color_gr,-0.08557746866591132,0.09266927928104875
color_gr,0.3204375169407,0.39820482369662547
color_gr,-0.16190342012327985,0.44649525731153283
color_gr,-0.25626384326579976,0.25005101851594996
color_gr,0.10244821952936567,0.1393473075915406
color_gr,-0.12001413446819331,0.1668152798946326
color_gr,-0.20346563366507864,0.2668662874825122
color_gr,-0.054342817376629715,0.18814304992719288
color_gr,-0.41166644190963875,0.4143881629894482
color_gr,0.029671072254309427,0.044038648299940426
color_gr,0.06260841578772491,0.06350567183281389
color_gr,0.025425353719729538,0.01703266171712611
color_gr,-0.05886388477427568,0.019501396641380602
color_gr,-0.03246775250756351,0.12126742453514815
color_gr,,0.49704530812991476
color_gr,-0.04336050652008705,0.3274329242925836
color_gr,0.07050732594295583,0.015457987704638656
color_gr,-0.13320889766560884,0.3230613661327834
color_gr,0.5301557027549546,0.3941138191685727
color_gr,0.2832090201554578,0.19449087794300668
color_gr,-0.018283724793233924,0.08774677835146223
color_gr,-0.00884968495697347,0.01122183299386844
color_gr,-0.1546620795294691,0.08554203386029097
color_gr,0.005341846626841451,0.33779775081802893
color_gr,0.06962077102001774,0.1929972426767089
color_gr,-0.14611434424716097,0.10269862966990977
color_gr,-0.09934635981506323,0.05967703894608375
color_gr,-0.012094806279494552,0.011553359693413683
color_gr,-0.1412308576869411,0.10028039565716199
color_gr,-0.4700045759473871,0.28557053892010953
color_gr,0.2141562188191729,0.12505506727221533
color_gr,-0.1440370686017315,0.1563247588566384
color_gr,0.11743884701073304,0.14690559705946243
color_gr,0.02222432164367616,0.06426719694914869
color_gr,-0.05792044328013879,0.14155998377850376
color_gr,0.019854494315761473,0.005293556049726269
color_gr,-0.011063661323239216,0.023478100569578077
color_gr,0.0061390683638973265,0.031103282546311936
color_gr,-0.17617555886066738,0.05605684864644241
color_gr,-0.1203018141533565,0.1429223977167508
color_gr,-0.47218960004541244,0.38431557506172065
color_gr,0.2272016040088397,0.20568462602628873
color_gr,0.006022021827614132,0.002862894006230963
color_gr,0.1805588605004957,0.06650580947890344
color_gr,-0.03722424907266564,0.20752078764325793
color_gr,0.05572591585219644,0.12288482703536537
color_gr,0.06732963349096299,0.13172677124798526
color_gr,0.06047804241662047,0.23150695711501926
color_gr,0.005283558171758296,0.036923065965959734
color_gr,-0.05245480313501838,0.05448844861183164
color_gr,-0.1784998695461696,0.22928275393854694
color_gr,-0.2830344677693606,0.25110719327485986
color_gr,0.03590595952634901,0.027915115614445634
color_gr,-0.05721280776450921,0.053605723762875035
color_gr,0.07652905551697498,0.211563975941576
color_gr,-0.26183347736643303,0.4881582257780113
color_gr,-0.03969895451052041,0.02332246036082554
color_gr,0.028284222949857052,0.01843439712002752
color_gr,0.03286316980601689,0.042529041434099975
color_gr,0.0758000537246146,0.13402436934022696
color_gr,0.021762781155082234,0.04024544172479836
color_gr,-0.13857187523143755,0.10730417096264423
color_gr,-0.049908382211599545,0.19285486767146537
color_gr,0.1357119214235244,0.24415400350560346
color_gr,0.05238357525910109,0.13875252721282696
color_gr,-0.14782209235880045,0.1516659697051853
color_gr,-0.4253077567886513,0.175696854493807
color_gr,-0.2913394932959533,0.19532142248047568
color_gr,-0.024673242962441,0.11001590405738723
color_gr,-0.17699366048313547,0.15688089141829603
color_gr,0.05365066182749012,0.016226646354002342
color_gr,-0.19092248466993833,0.11814168678509507
color_gr,0.07729747195183378,0.14553056104686013
color_gr,0.014410755908562,0.014773234734406376
color_gr,,0.5077964935467456
color_gr,-0.022543305985870843,0.1318923430347442
color_gr,0.6796534866900066,0.5054262163177887
color_gr,-0.37646043907243365,0.1263140286647569
color_gr,0.20000372337438344,0.21716915099008108
color_gr,-0.08176206754620408,0.08284162916607316
color_gr,-0.09067966769609981,0.08542911745074422
color_gr,-0.23199667133280522,0.31666390403349043
color_gr,0.5059571576711097,0.43286196755520845
color_gr,-0.09434449076990559,0.1412895640610241
color_gr,-0.12963744989350234,0.16846187703278417
color_gr,0.07772628606871512,0.050166912671656766
color_gr,0.7734197297602061,0.3065097828434627
color_gr,0.009908119507262114,0.0353021040872291
color_gr,0.09963888723630421,0.05570469153914631
color_gr,0.07317130383557335,0.04473050236815879
color_gr,-0.03928172901321314,0.09986302553706379
color_gr,-0.02724591619466521,0.07186809284354943
color_gr,0.09832340770258297,0.053861833466123984
color_gr,-0.0020996574141712854,0.013696662216524973
color_gr,0.6218576042878361,0.2143770098143868
color_gr,-0.025984380384084238,0.1544224770138003
color_gr,0.04233653875004051,0.18639197727493162
color_gr,0.22394797339331884,0.28168630727844707
color_gr,0.10195752815539905,0.07846857022891657
color_gr,-0.009469469158365773,0.05688100083259207
color_gr,-0.3297326816044899,0.29612721009802256
color_gr,0.4550058637801978,0.2488948170287754
color_gr,-0.1816700198970702,0.08604724591236179
color_gr,-0.08077467921174053,0.09976209969646335
color_gr,-0.41671367138478344,0.11209998066509438
color_gr,-0.02408383527185487,0.19789120485805844
color_gr,0.518071769079031,0.2823058158648611
color_gr,-0.3329297192181748,0.15055630590185426
color_gr,0.020556433753936787,0.010784255775081613
color_gr,-0.2033565969685447,0.10782474426297567
color_gr,-0.04556398569438436,0.15099888069658252
color_gr,-0.09597639906208211,0.2443692004293676
color_gr,0.43878040101422866,0.5361257314250171
color_gr,-0.006815807764936732,0.11388399267158486
color_gr,0.23226176971254753,0.14765699516081374
color_gr,0.033950687124674916,0.0853728315270261
color_gr,0.012876458706623573,0.05016746500546567
color_gr,-0.0631892401734484,0.06178803996175963
color_gr,-0.024178859961481725,0.09617684328985823
color_gr,-0.10976984650385879,0.07119263080059814
color_gr,-0.008114343364540755,0.045323710171085184
color_gr,-0.042632494233985296,0.14001337485193593
color_gr,-0.11251836309559671,0.16891754969529216
color_gr,0.01784163331867239,0.019564517066552867
color_gr,-0.047767154601058515,0.11569346998775996
color_gr,0.0949880118542129,0.22112322291492204
color_gr,-0.2314281258299895,0.154949596184721
color_gr,0.11185483936663465,0.21068730418517412
color_gr,-0.08043687324195758,0.05390923267677874
color_gr,-0.27376075258688115,0.19274620691196
color_gr,0.052937660690194455,0.203209058302706
color_gr,0.017539516628552885,0.004025286149397531
color_gr,-0.0567758059476316,0.01585752249364356
color_gr,-0.13928676241773963,0.07342461679723425
color_gr,0.024760243637320767,0.2166361486467316
color_gr,0.1292962573680564,0.02521452503166749
color_gr,-0.03684949470371124,0.16855422396510272
color_gr,-0.007610057635347889,0.01034945514300852
color_gr,0.07739211091496323,0.1977615958633508
color_gr,0.21896717058748716,0.20459723678085479
color_gr,0.11173842492272101,0.12316643743175408
color_gr,-0.2942597522898507,0.24907668086675155
color_gr,0.07328810553188037,0.06435315440011768
color_gr,0.3920996359390384,0.23309246487986401
color_gr,0.212992135431463,0.18068315575964813
color_gr,-0.13159812449685893,0.6339211124523193
color_gr,-0.011467524933803264,0.2744985029909008
color_gr,-0.10085908302924262,0.08238072995892282
color_gr,-0.030926744823518648,0.025899191111939203
color_gr,0.2145805076486763,0.14913647020567622
color_gr,-0.20413904791605825,0.3567789587140625
color_gr,-2.9493703090045384,0.31093977864386974
color_gr,-0.04727282351306794,0.0575894395071181
color_gr,0.4038948915745242,0.1642520302224151
color_gr,0.053100036440516196,0.1077277276735705
color_gr,-0.09759034967253122,0.1315413965860721
color_gr,-0.05292173927894739,0.021359984060364143
color_gr,0.03559534974079215,0.016079638028111038
color_gr,-0.03438802432224164,0.05335920476142748
color_gr,-0.13333496096354375,0.1441352048029101
color_gr,-0.5516168056478641,0.3773600782536885
color_gr,0.048431104093750066,0.10558542636053467
color_gr,0.0442392683405326,0.19815469308417893
color_gr,-0.06044456795128128,0.18778623380833545
color_gr,0.24353478676242823,0.24978427762887404
color_gr,0.03234536757958806,0.1875918524784051
color_gr,0.05866482294181696,0.15913004905582415
color_gr,0.038899114105183985,0.12777416197912514
color_gr,-0.14448445014915534,0.1848316193171307
color_gr,-0.09616759229879412,0.06517229366551287
color_gr,,0.6062012483714495
color_gr,0.01498092726676481,0.015556870362423363
color_gr,-0.047295613211675525,0.23001856678605495
color_gr,0.04729069558239041,0.010257879791110376
color_gr,-0.03963985486459143,0.10632904100110396
color_gr,0.07364288647285999,0.0827753654887546
color_gr,-0.19675215887409325,0.08719952193185272
color_gr,-0.10710341891643949,0.1483988990559051
color_gr,0.004202201597829136,0.08485148382403794
color_gr,0.035718095138360134,0.0674660001097908
color_gr,-0.19838782508483033,0.14138558779478608
color_gr,-0.6450322140370817,0.24327896813289698
color_gr,-0.07732276511638869,0.2744915367356824
color_gr,0.07007136841581962,0.30943699405984476
color_gr,-0.021153228089394904,0.016387750863144108
color_gr,-0.07986320357231591,0.07910458240749269
color_gr,-0.1747673518869054,0.23554269901412886
color_gr,0.018401609555659837,0.030125997136903324
color_gr,-0.016075602452503723,0.030743364786777458
color_gr,-0.33416835543979073,0.1355599034662028
color_gr,-1.6259558016253957,0.4383559891006347
color_gr,0.029633312912429766,0.009307134519667772
color_gr,0.003162064132129938,0.19569068067842624
color_gr,-0.19746289756191893,0.2370125175731492
color_gr,0.027364462136220458,0.11661145123450213
color_gr,-0.03592185955390759,0.07862722983661707
color_gr,-0.06746367445776214,0.14028736138634176
color_gr,-0.024069511821406375,0.11678931901873855
color_gr,,0.648952459055623
color_gr,0.13914724399078438,0.17985747278511544
color_gr,-0.07701678347855989,0.1696445023221024
color_gr,-0.16834239596576228,0.11548117176924377
color_gr,0.3180621148935321,0.4054077979330024
color_gr,-0.24748972869308639,0.4734421155518152
color_gr,0.1894805223139746,0.27508948390766863
color_gr,-0.0004652348197495826,0.09030468211530052
color_gr,0.23605090640330784,0.09333979931496586
color_gr,-0.10539870002500817,0.06593521746830742
color_gr,0.009510383461676541,0.031390410561292464
color_gr,0.27530818133968415,0.24680260201250964
color_gr,-0.039910965762026684,0.1434037196224422
color_gr,-0.1965798308875294,0.07043459756271515
color_gr,0.03115278602573912,0.04539031475683
color_gr,-0.17004885325301078,0.2889255934914444
color_gr,-0.3469834202784552,0.3481339977577538
color_gr,0.2942213252805299,0.24904429652385307
color_gr,0.2354996276247603,0.39599986629088085
color_gr,-0.11530961482029223,0.38350468745138727
color_gr,-0.0355884097906225,0.05477511744752781
color_gr,0.07032419744430829,0.08296932133136085
color_gr,0.04816384572643928,0.13423018215501883
color_ri,0.004334082749669538,0.058473223770827795
color_ri,-0.03399232190573742,0.08953161140660551
color_ri,-0.003645456287460408,0.03268428844176827
color_ri,0.009215679144610522,0.047385291219278376
color_ri,0.03438208544288579,0.06994330172222026
color_ri,-0.006454528523504255,0.051252358546678214
color_ri,-0.02103183850363588,0.05078537102913869
color_ri,0.16841307240985537,0.09955776064041519
color_ri,0.034272326160765754,0.13400782471485542
color_ri,-0.2599563684537304,0.09441132892589975
color_ri,0.04450667918540385,0.041559937505229565
color_ri,-0.08696060079082502,0.10079712396139018
color_ri,0.024418211721706717,0.011971034550673942
color_ri,-0.047163477537641274,0.03270953800333281
color_ri,-0.17672711658738738,0.13104228012483973
color_ri,-0.06767786653164476,0.11375034069017698
color_ri,-0.3607713186597482,0.150739303437353
color_ri,0.0618773615648629,0.11185200322567658
color_ri,-0.3143673973089072,0.3174854430143232
color_ri,-0.15713147282206552,0.16620214837391986
color_ri,-0.020953418531286877,0.12234991237787361
color_ri,0.14641211894198813,0.12477289058090679
color_ri,0.01693692632112609,0.14514916906739558
color_ri,0.05447662892128213,0.07930582627339294
color_ri,-0.11976804301461064,0.0900156357239223
color_ri,-0.10109375442383672,0.16087058908678453
color_ri,-0.06370159371706968,0.09716001758916891
color_ri,0.12852608021067757,0.14286692917664207
color_ri,0.11851569424339314,0.12937577205273715
color_ri,0.00821891653111867,0.005454442181909053
color_ri,-0.0787614545114187,0.07977527401734653
color_ri,-0.26039277875060374,0.1254361152615717
color_ri,0.06396321820132717,0.034657863972580534
color_ri,0.0905274732070731,0.1806509439099271
color_ri,0.039745039748251276,0.07731684568876755
color_ri,0.010761698897424843,0.016054358376121982
color_ri,-0.2246201000987646,0.16938300252817226
color_ri,-0.008935619150533092,0.08609167490155785
color_ri,0.00805076085333728,0.004854477164994312
color_ri,0.04609678944485082,0.06433094324455607
color_ri,0.0073724914068911684,0.028478735621035593
color_ri,-0.10268415080952464,0.11075539109359862
color_ri,-0.4975303097098669,0.09772912751090705
color_ri,-0.009492574026850636,0.07820018027880535
color_ri,-0.07919698889517718,0.07872223383201905
color_ri,-0.4934363147860268,0.11075759630825681
color_ri,-0.16823244635156828,0.1247231996645682
color_ri,-0.35579096805315225,0.12722176916107003
color_ri,0.03730255508232139,0.026650569831678614
color_ri,-0.05826184219861952,0.09146559487200147
color_ri,0.4829719934133758,0.3014338258949586
color_ri,-0.008545988418246109,0.1427120900099828
color_ri,-0.09864633685797702,0.09690051812759418
color_ri,-0.11290591392992522,0.08796288373031641
color_ri,0.05760137516978775,0.07981952284407949
color_ri,0.1776895899068371,0.09275225654294728
color_ri,0.08361846395516914,0.08826423050532252
color_ri,-0.5212987522856809,0.14713174006546403
color_ri,0.0055769239376024515,0.007572707694313561
color_ri,-0.004308371609955786,0.12046052729589582
color_ri,0.2625345349791788,0.2294479044917559
color_ri,0.13156783461640553,0.1146929970052885
color_ri,-0.021092744469843994,0.053891418912137896
color_ri,-0.008403559562752738,0.021776173405784725
color_ri,0.09090883498776403,0.17313315306081412
color_ri,-0.017044428427847702,0.06906872860776425
color_ri,0.006260492715675692,0.0034490051190492915
color_ri,-0.139400100194504,0.1288346018828405
color_ri,-0.04434095507017721,0.08935150689307987
color_ri,-0.023120805927111965,0.02339534703131212
color_ri,-0.26021091813381686,0.13762878723777566
color_ri,-0.001321598348923092,0.004249096956104322
color_ri,0.013202394897964265,0.016536437469637486
color_ri,0.09110216730661291,0.13692008482419318
color_ri,0.0682671783097788,0.14812260304640215
color_ri,-0.006343155334682049,0.009017281283794176
color_ri,0.05236862060312497,0.01801510062224782
color_ri,0.1733864626086894,0.10015364294642873
color_ri,0.006200811630743153,0.10260921915760333
color_ri,-0.25031558905519413,0.1144011011379938
color_ri,0.018695611361465192,0.02907837734256583
color_ri,0.006574453916000755,0.010523590158342032
color_ri,0.06004257489079945,0.04347381648583207
color_ri,0.013596339070202607,0.003496116110589985
color_ri,-0.24005926951663892,0.0705463709856107
color_ri,0.08663737605012539,0.04581082711065333
color_ri,0.21098328159554303,0.26023290456175574
color_ri,-0.060139184195404816,0.1020856158957736
color_ri,0.006475901488872171,0.02607461107119325
color_ri,0.04350701689940428,0.1161204538621441
color_ri,-0.02980742251209212,0.08641615175143424
color_ri,0.12104552338897812,0.11529352916112186
color_ri,0.0723218323862076,0.03615036905857832
color_ri,0.2312758969670431,0.06162493655485091
color_ri,-0.06343756725617378,0.08531007268392578
color_ri,-0.10017491577740445,0.17882309906192603
color_ri,-0.03664038344784415,0.09178999883340164
color_ri,0.12890922078625272,0.17415146267072962
color_ri,-0.12398307368729578,0.1028683987393084
color_ri,0.16537193554863244,0.150031384732316
color_ri,0.00040556806963742975,0.008947468763582956
color_ri,0.04334722861826018,0.041426251488296637
color_ri,0.02393002376194109,0.09762274010626534
color_ri,-0.008919625003317666,0.015387095217684778
color_ri,0.019796872121721404,0.06938064154700087
color_ri,0.017586240931818597,0.006073266254275955
color_ri,0.05836979530563674,0.035515857144767994
color_ri,0.04047138493298846,0.08955946070770346
color_ri,-0.21395807881830753,0.1677143124699376
color_ri,0.035429222447309006,0.07815568781061526
color_ri,-0.06851304386034485,0.04999272649917494
color_ri,-0.10437239640807616,0.09979078053550808
color_ri,0.02946988469671713,0.051772446603120886
color_ri,0.002601669131201384,0.042636326265620486
color_ri,0.03760392778858235,0.043649341349834885
color_ri,-0.19558083288199524,0.16178090729582942
color_ri,0.10123104998364285,0.09995106257003387
color_ri,-0.13812704550949972,0.11625712422249618
color_ri,0.0011886697685375425,0.0320132219220905
color_ri,0.04746025905065643,0.11843276169464892
color_ri,-0.09719857123807812,0.08367263876606142
color_ri,0.14411220447118067,0.06395190698252091
color_ri,0.09877448583565365,0.09454042966481654
color_ri,-0.13066634393130983,0.08611537733352077
color_ri,-0.11379105498317721,0.12746574808518077
color_ri,0.04746484334158174,0.11195123397819175
color_ri,-0.030658722052843368,0.045932806058632314
color_ri,-0.14542918187285758,0.10373844398784687
color_ri,-0.016046251701302194,0.028442987149012073
color_ri,-0.060918143259360125,0.07646097695795866
color_ri,-0.055507150425641555,0.13401037842256516
color_ri,-0.03485702722209355,0.18719975797353003
color_ri,-0.0060862378819229734,0.11200893152396053
color_ri,-0.16410699956177122,0.15375347763092156
color_ri,-0.2984876408570942,0.15815703226387906
color_ri,-0.11341175396036007,0.07162508635116037
color_ri,-0.02152294812488434,0.1268966873773809
color_ri,-0.22306339210541892,0.24671467347831796
color_ri,0.04477268511339835,0.058099690019090044
color_ri,0.16933747189892245,0.10622457319313686
color_ri,-0.02418870693953934,0.1115398018151039
color_ri,-0.3006220537256712,0.09793152863540659
color_ri,-0.014816287112520143,0.062461582824610326
color_ri,0.18840093291376403,0.04712124650619725
color_ri,-0.31266205355414123,0.14546515708253624
color_ri,0.09379063935865861,0.10802662969107855
color_ri,0.020898064853789977,0.011271063864276974
color_ri,-0.03891009640443732,0.0933425728155246
color_ri,0.007839519070080209,0.05162944690588352
color_ri,-0.010688418134210176,0.1505353146144388
color_ri,0.023944082827657087,0.07288331671548554
color_ri,0.0039891971572166285,0.005413097335628913
color_ri,-0.23926881001008393,0.1362030706485724
color_ri,-2.3469661315588923,0.6651674556225824
color_ri,-0.2436424078011432,0.09998720495133098
color_ri,-0.011455962771293127,0.05784319153667125
color_ri,-0.005225658424128976,0.1282131533962967
color_ri,0.019559985319540008,0.13744407661656435
color_ri,0.0062435967546175895,0.02066952583529482
color_ri,-0.0004042775987524727,0.015501858510909176
color_ri,0.019710469489852223,0.03386914533232292
color_ri,0.06362599814506531,0.18761647884826171
color_ri,0.009755719843371202,0.11296729608148881
color_ri,-0.04121494883429255,0.07848577536179499
color_ri,0.15719343717607587,0.06994518500078298
color_ri,0.08558538564239604,0.18057707675199167
color_ri,0.15884159873669634,0.13561536225867787
color_ri,0.1134124709840052,0.16897488049939627
color_ri,0.07433822230897219,0.11525873711564721
color_ri,0.37549733276959396,0.15831977500696812
color_ri,0.13969346399501825,0.14982832947544325
color_ri,0.023233867011529213,0.18353903312108374
color_ri,-0.15675209459768913,0.1689515411417129
color_ri,-0.04156222593115255,0.024766501523072488
color_ri,-0.015130569799451599,0.031220231500994657
color_ri,0.007294267126776444,0.016953143993667635
color_ri,0.020576657042100488,0.020986564168436177
color_ri,0.016420167535328628,0.0917955463738487
color_ri,-0.37883244060560894,0.25099790030870556
color_ri,-0.037439205261059094,0.17535180967839487
color_ri,-0.010061181161454935,0.010221188564997579
color_ri,0.10284748907436514,0.20584874525769611
color_ri,-0.13798744945777086,0.20762845996109924
color_ri,-0.020938195848546948,0.09248640063315096
color_ri,-0.07627500063940995,0.05512953913789188
color_ri,0.014658657651823725,0.00890880286246737
color_ri,0.0442784168757836,0.04033771901308064
color_ri,-0.18381210900312417,0.2374523035993198
color_ri,-0.23550076245147222,0.14453712665929996
color_ri,-0.148908567999606,0.08654928783129039
color_ri,0.005764315263192099,0.06009165794345805
color_ri,0.04743711006096024,0.011413298519820331
color_ri,0.09719732228690928,0.08618064173665718
color_ri,-0.10725102946785614,0.16823221281365158
color_ri,0.11622307563865936,0.08318553330197381
color_ri,0.1441014163316477,0.15085611599320736
color_ri,-0.0634858398680141,0.10163704172764569
color_ri,0.011557089243196983,0.03345273808442955
color_ri,-0.057901436267355444,0.07343180798715954
color_ri,0.0061283006617605384,0.005103582022326882
color_ri,-0.010959557715896712,0.02148835496122541
color_ri,0.018915302696152575,0.026284822059117717
color_ri,0.0557110966723946,0.048694097236065485
color_ri,-0.07187130738069397,0.09353174062454762
color_ri,-0.4853977203823032,0.15927416103014322
color_ri,0.22909372616391968,0.12697414173265476
color_ri,0.009572650787878181,0.0027075891004970623
color_ri,-0.0923730338585651,0.061700929924133174
color_ri,-0.019739729261962546,0.1475739698781349
color_ri,0.04134444440283386,0.09814175056042956
color_ri,-0.022808530531797544,0.08523917750856749
color_ri,-0.2887754915255377,0.1279332709873896
color_ri,0.07541849802715855,0.021497424924457092
color_ri,-0.011309896574436318,0.05456834122475149
color_ri,0.2589996744327576,0.1860035873710237
color_ri,-0.12331135789599001,0.12219003072349406
color_ri,0.04510097787769263,0.022939731584822737
color_ri,0.11861860463964263,0.04713108595768883
color_ri,-0.1585550639376485,0.13936293134418432
color_ri,-0.019913128993294782,0.16962082203303147
color_ri,0.047024791249833664,0.018131425920376247
color_ri,-0.012107969123688223,0.0171843354751387
color_ri,0.05117245534915932,0.030974267724059142
color_ri,0.04903857520604171,0.13911911515702796
color_ri,0.05905572022041938,0.03147241861135265
color_ri,-0.0014794346841316974,0.06032306386798583
color_ri,-0.10738842224311934,0.17498375018872703
color_ri,-0.25046932571634883,0.16276697400947768
color_ri,-0.0925788664122964,0.06723134312126743
color_ri,0.08432956563941224,0.13915915370753423
color_ri,0.04102018902001775,0.13304879886898216
color_ri,-0.2914056955741247,0.20067470560085587
color_ri,0.07310937480258661,0.09172186490076077
color_ri,0.02145185386387516,0.07936204995706615
color_ri,-0.013222771359533037,0.012291413546746921
color_ri,0.04564613517122067,0.1236625858248626
color_ri,0.051833040487811066,0.09558285074871366
color_ri,-0.021725210101536885,0.011518178535789255
color_ri,-0.2698066906929486,0.2270317645585594
color_ri,0.013397209318646991,0.12309341943506814
color_ri,-0.21956317643620493,0.18682525203908298
color_ri,0.2639696340266462,0.10216906404299915
color_ri,-0.4114230000599158,0.22052891921663081
color_ri,0.04469623890224261,0.05246716439794502
color_ri,-0.1949369268150375,0.08856505713849441
color_ri,-0.155590881895464,0.124623396440798
color_ri,-0.039612601220708143,0.21556443670589837
color_ri,0.20373009141655557,0.07247497245412415
color_ri,-0.09884887321882507,0.1439381186634969
color_ri,-0.008051173758965913,0.029834544688235654
color_ri,-0.4344297911428804,0.141048663384864
color_ri,0.025325490340699974,0.02799975608364674
color_ri,-0.00500237140803747,0.042864013838286204
color_ri,0.01887090122582047,0.029946778085622783
color_ri,-0.04705955092707764,0.07711642349260461
color_ri,0.01857918102823164,0.033208973539666564
color_ri,-0.020675312229802234,0.0237261600241536
color_ri,0.005973869746373761,0.01375522934304946
color_ri,-0.6828499927015226,0.17415931690766834
color_ri,0.012978176388101281,0.09198233469440689
color_ri,-0.06878947989678963,0.08057588497709689
color_ri,-0.1844378524704614,0.23545735822349742
color_ri,-0.033610243747323965,0.05478786635556618
color_ri,0.08940981311426371,0.05836093512411267
color_ri,0.011766633499064594,0.16396501000303554
color_ri,-0.15487916736236784,0.1421601932259384
color_ri,0.07961406062451214,0.07948603734948603
color_ri,-0.04268911156610966,0.09401355522121652
color_ri,0.0014899959388046113,0.046459620217681345
color_ri,0.040764388420108655,0.1017932866896761
color_ri,-0.10711887082868032,0.16956399196879288
color_ri,-0.037827942263189196,0.0861906884742515
color_ri,0.011098984788623034,0.006788463237322901
color_ri,0.08512218841327202,0.06293644384446002
color_ri,-0.013242785357430176,0.086924908158269
color_ri,-0.27453046133237047,0.27478116851970286
color_ri,0.030144027639760096,0.1127521641428835
color_ri,-0.025746799696246603,0.049240399485916055
color_ri,0.021577241009914094,0.078594232279372
color_ri,-0.05147341438140546,0.1353373955464086
color_ri,0.0018225609004642873,0.03849288749880553
color_ri,-0.0378780923369324,0.031230599626402934
color_ri,0.01568858015526145,0.07282986871224856
color_ri,-0.0008112228313459924,0.04622718312772172
color_ri,0.031083483096359776,0.02796106102822326
color_ri,0.07444210207698654,0.07439030248071153
color_ri,0.18555931455702912,0.12693512368136567
color_ri,-0.00607450919224839,0.016408723102960234
color_ri,0.04579019522106925,0.0670157660680151
color_ri,-0.31117745482911974,0.14816647713347467
color_ri,-0.05657190824581915,0.08258634064386207
color_ri,0.16126319912814696,0.20869576658010844
color_ri,0.023739572614964954,0.052318901230778064
color_ri,0.010208404548362804,0.1261439218333826
color_ri,-0.13224903665904608,0.17685259808695958
color_ri,-0.0042406264605190785,0.004527790689828588
color_ri,0.008170768253788319,0.014161475609998836
color_ri,0.07452591993086816,0.06746084770674367
color_ri,-0.2038415982112773,0.14253739934977283
color_ri,0.13649112788634332,0.015449511659792511
color_ri,0.13517260020750765,0.07633823313367989
color_ri,0.001749234402069727,0.010768774287426619
color_ri,-0.08462329278454228,0.14360819409823966
color_ri,-0.08841540250394075,0.15918705711290584
color_ri,0.0748755776683924,0.09199836629497846
color_ri,0.17649734588810012,0.1656164456188863
color_ri,-0.01669381679210802,0.02534765618623863
color_ri,-0.38144651490775816,0.10910726473776756
color_ri,-0.11624464049749184,0.10290246672894555
color_ri,-0.3032837135670212,0.1967912989805423
color_ri,-0.08683334012364718,0.24121918141393467
color_ri,-0.12620867332995211,0.0755272890228369
color_ri,0.043266129244191764,0.018149997299117652
color_ri,-0.07205250788518203,0.11929453823760497
color_ri,-0.08411853317564966,0.3096221634449374
color_ri,-0.29495934287412373,0.15615217021883884
color_ri,0.08743344041047235,0.0410021738026281
color_ri,-0.05702220607800568,0.06189896346500782
color_ri,0.09406085055293625,0.12002284489230268
color_ri,0.08117897183587205,0.11980181661414084
color_ri,0.014425584398096047,0.019040248494847284
color_ri,-0.004870417102112001,0.00802234667201487
color_ri,0.07961191778331993,0.05889071364141363
color_ri,0.17860032547302296,0.12492533711418695
color_ri,0.007625721851796441,0.22800743995634112
color_ri,-0.10634881660290096,0.0872348926041593
color_ri,-0.1215411340875664,0.08131168079450486
color_ri,0.06941073609132842,0.18113685524059475
color_ri,0.1612100414408666,0.07792115375222189
color_ri,-0.011830175180278624,0.12239384584846216
color_ri,-0.051778952708271264,0.07217257957052592
color_ri,0.14489838808129774,0.07180699754271927
color_ri,0.016383677702500155,0.12840204838713243
color_ri,0.03857173752335474,0.04611631925408282
color_ri,0.09812834405944892,0.34819321881167925
color_ri,0.007512324921086583,0.015791665011020046
color_ri,0.061323041574421644,0.1920802360176275
color_ri,0.00424376417398209,0.005369430922167431
color_ri,-0.01504687579440489,0.09933118625636292
color_ri,-0.003832990795597402,0.03497493084647101
color_ri,0.03421428059800713,0.05135766788820846
color_ri,0.08595992743222625,0.09047114084854388
color_ri,-0.00526075919664315,0.037811429936747305
color_ri,-0.0157227767801372,0.09067900359478567
color_ri,-0.08609050742315227,0.08584771841831752
color_ri,-0.1896820908791491,0.15593250072304823
color_ri,0.17054999382653033,0.19688778417698943
color_ri,-0.10755388511726827,0.12547722011201173
color_ri,0.026360400001836037,0.015933828464584743
color_ri,0.04578754207824842,0.03306574069204812
color_ri,0.25968673661744984,0.17468850468818758
color_ri,-0.06392314693753509,0.02824280605015513
color_ri,0.025393365576161675,0.017810236356308143
color_ri,-0.051769080670918344,0.0918315156431288
color_ri,-0.21649183025409047,0.17623065277450473
color_ri,0.026673060227785317,0.006110099322469842
color_ri,-0.21114657781509677,0.18498983993220264
color_ri,-0.13773810452439272,0.1624526362646343
color_ri,0.11182084566583414,0.09801224721080928
color_ri,0.10444950852126256,0.0615323822475173
color_ri,0.11281116243961853,0.08666969036385934
color_ri,0.19151164882654048,0.10859530730572303
color_ri,0.09401805649839501,0.36336830475486354
color_ri,-0.4630800693743844,0.13236940857035082
color_ri,-0.11211178349067541,0.12423341987637454
color_ri,-0.15401673108127428,0.09664806826070967
color_ri,0.07347737556236433,0.2500345484968122
color_ri,0.5531333322749445,0.22240385019233697
color_ri,-0.007564241700421137,0.12346138802004132
color_ri,-0.08834703864082805,0.045474432177558186
color_ri,0.1724143716092536,0.05094347485101472
color_ri,-0.03678334564579011,0.044515198020521785
color_ri,0.006802493545495558,0.0156373191029192
color_ri,-0.021082869902879275,0.13457307118812092
color_ri,0.005402512133784232,0.09224139994646834
color_ri,0.04421952606377333,0.06598765504173273
color_ri,0.025242807505706344,0.0277542062724916
color_ri,-0.03648530308639664,0.22806958333187805
color_ri,-0.0666263398397463,0.192333697011385
color_ri,0.07134829585958968,0.15880889485529226
color_ri,-1.1710424564281035,0.24914750880052172
color_ri,0.23976938126006414,0.2602029245306603
color_ri,0.08624036259179141,0.04378935119969213
color_ri,-0.07891958469689203,0.06874801743948918
color_ri,0.044361901178821106,0.05597516964966238
color_iz,-0.01494040420124429,0.12092449142425882
color_iz,0.1009081248913617,0.09251251296377432
color_iz,0.02423021623336384,0.05983264762224106
color_iz,0.1369515515419033,0.08782857577835405
color_iz,-0.25075495257058533,0.1970428411043425
color_iz,-0.03433278267127793,0.027640794346029108
color_iz,0.012543982832069561,0.102066107041855
color_iz,-0.027062175326248827,0.1406306025907384
color_iz,-0.16203823909004778,0.2553226971949834
color_iz,0.09658228025303828,0.13575837877587388
color_iz,-0.0032298104678580297,0.04625948068195353
color_iz,0.23985430383881884,0.13866071363142687
color_iz,0.0317622440007313,0.01992434065015639
color_iz,0.035998453387357354,0.04864106195953771
color_iz,-0.01328055693569935,0.21917339047858625
color_iz,0.03844453388417779,0.2241915785045541
color_iz,0.30662225384523767,0.14971113677433873
color_iz,-0.0970808058755519,0.18443079628785108
color_iz,-0.032944181771715986,0.5690942523802346
color_iz,-0.02683176306730853,0.44525944579530236
color_iz,0.15259860041581175,0.23685101735367448
color_iz,0.3111756728578158,0.12264947525335645
color_iz,-0.24694831576129933,0.3742721968014425
color_iz,-0.05599813822736527,0.10076332576197217
color_iz,0.3697067318556794,0.14235386427819222
color_iz,0.1533215137206171,0.14601107398744914
color_iz,0.0968107505863913,0.17346266397452895
color_iz,-0.059927670443462366,0.23118375679221262
color_iz,0.032772355550487575,0.16074324505787424
color_iz,0.02172443051746127,0.010502867570646335
color_iz,0.06798247413702913,0.11675648283208474
color_iz,0.17779170079300133,0.1770491506357706
color_iz,-0.015210868666573563,0.06534342567440266
color_iz,0.4789153097428244,0.24245458120492527
color_iz,0.011171492750324363,0.1306967842854328
color_iz,0.01625413795242714,0.012817782457302545
color_iz,0.3447490285459869,0.28561731453382333
color_iz,0.4094223451148695,0.18041765941930046
color_iz,-0.0029507832915686982,0.008090714654184261
color_iz,0.1664987752652673,0.12400252677876424
color_iz,-0.018782645888179128,0.04991925134196729
color_iz,0.013718819467040233,0.07600728563941245
color_iz,0.008557654538100812,0.14070905207092724
color_iz,0.270887584238967,0.18772854746564907
color_iz,-0.012492331717033844,0.12472257611583133
color_iz,0.4956397653738055,0.28972186995997556
color_iz,0.3999448203944951,0.2475261020457657
color_iz,0.5335885709798689,0.20432513521699647
color_iz,0.02866574582458764,0.031137014043039604
color_iz,-0.03347927524236305,0.11416366639591244
color_iz,0.5829548550193938,0.28756096350020144
color_iz,-0.4131934461647758,0.2364704968965921
color_iz,0.09266094553487089,0.18702030474029624
color_iz,0.2642776794215594,0.11777092476861895
color_iz,-0.13140831839530925,0.20531292389368327
color_iz,-0.034594471197041066,0.1670210148997817
color_iz,0.041699079865854805,0.14960027908000886
color_iz,-0.00708847335478191,0.23518022963517873
color_iz,-0.03178565943005729,0.010237279347364977
color_iz,0.36329147002176815,0.21256521668998649
color_iz,-0.8169120166605573,0.40565328842098575
color_iz,0.03209489218170314,0.1898682515424692
color_iz,0.03422380195874081,0.09357394924472244
color_iz,-0.0007596489869562961,0.03219587135070994
color_iz,0.12590997188683184,0.28118758732307214
color_iz,0.03666715590112024,0.08485540466317398
color_iz,0.008089548124220663,0.0056566469408397815
color_iz,-0.1666345357385109,0.2877784597748433
color_iz,0.07724867701968521,0.12136883333210371
color_iz,-0.006824536029355843,0.026169944621552938
color_iz,0.20336769254527756,0.2685424712116954
color_iz,0.020806829782639702,0.006680060657566921
color_iz,0.031864280878415197,0.0331338016854903
color_iz,0.1471207219900868,0.2158539196960676
color_iz,0.4650094958225224,0.2832144073584498
color_iz,-0.015078985759487011,0.019889388711254233
color_iz,0.06410282316002136,0.0278606527794831
color_iz,-0.033725945567504856,0.1343916397594141
color_iz,0.1607092821747748,0.22225564360257
color_iz,0.2652799305944008,0.16090015418224676
color_iz,0.09632325816250342,0.04910801595779567
color_iz,0.019460592814410982,0.01252497496197765
color_iz,0.04553655794403472,0.04739932103580981
color_iz,-0.29920651517293523,0.007142887599432913
color_iz,0.18151976133292713,0.1213500202644821
color_iz,0.20470845415277308,0.08389512613785005
color_iz,0.10685788878148628,0.12449891355227194
color_iz,0.3269467728355663,0.1784382797153853
color_iz,0.08711456122797556,0.04048299114747787
color_iz,-0.1600411666753438,0.41745892425499986
color_iz,0.17230880437676355,0.1013435415760551
color_iz,-0.30681374195255084,0.17896150275872655
color_iz,0.08269090591951733,0.06057367508683605
color_iz,0.13053693026050467,0.11205378235154871
color_iz,-0.03042164879768494,0.10404022094950961
color_iz,0.9298293593969418,0.19317417344482027
color_iz,-0.12321903730669881,0.1541084904094543
color_iz,0.3969595304174629,0.42892534991843484
color_iz,0.08092527785051534,0.15466883294926015
color_iz,-0.009184632458033875,0.46442564444233064
color_iz,0.015472844128022856,0.011795178133641476
color_iz,-0.07067057884746453,0.06300391497378993
color_iz,0.1164614569206065,0.10790138729975833
color_iz,0.014662267734879664,0.014001726877680674
color_iz,-0.154566819408678,0.13276060275012824
color_iz,0.04679713843789812,0.00939457150132594
color_iz,-0.03673920025001276,0.07035413633869247
color_iz,0.13002533562327095,0.1376433655166168
color_iz,-0.3038644781164034,0.158939076513404
color_iz,0.27888426564954544,0.1347945366502931
color_iz,-0.014532039242293515,0.07534338858172303
color_iz,0.1641670810889323,0.1853261801132159
color_iz,0.07588027656418866,0.09620092948941321
color_iz,-0.1103376021326968,0.13364006966584951
color_iz,-0.028935201792692544,0.09640582713273885
color_iz,0.2995748857227235,0.1356486625549011
color_iz,-0.14577343394138229,0.30014059473152743
color_iz,0.31354023718394125,0.22125937177132768
color_iz,0.050913934984115145,0.06329291645641032
color_iz,-0.07882068476858728,0.11954638219519
color_iz,0.17705321081204278,0.16959613806736148
color_iz,-0.16292194857194103,0.12418929005975271
color_iz,0.17883373778566714,0.20510791735705727
color_iz,0.24690105051018557,0.14022901298986587
color_iz,0.014697795164384353,0.217117711749481
color_iz,0.23241315936659002,0.1401750424133628
color_iz,-0.09218740242298173,0.0965402177406079
color_iz,0.14911590992666557,0.19317284088029785
color_iz,0.1278452847600136,0.061191487323840596
color_iz,-0.0042977478504781785,0.16812082847933787
color_iz,0.2243872282117763,0.17019170454293286
color_iz,0.5827755376783039,0.3529725291913404
color_iz,0.145973190903829,0.163090451717509
color_iz,0.21228159394766882,0.12331439868524287
color_iz,0.22349203580536928,0.4013183600720332
color_iz,0.2593989783081917,0.10829474875106612
color_iz,-0.3941330454493596,0.46475444446819264
color_iz,0.31179981520803546,0.23472291260298442
color_iz,0.053182965033311894,0.11471337132616995
color_iz,-0.41998129600927275,0.28674259699747606
color_iz,0.15690208815199036,0.1359048693588399
color_iz,-0.5512793704441155,0.13975781737515156
color_iz,0.13974330803722693,0.14331197394678968
color_iz,0.1397344246411485,0.07948987781099418
color_iz,0.17231058908051639,0.24503667587513814
color_iz,-0.019337368482043843,0.1990371899174433
color_iz,0.16322741730754553,0.01785513939160557
color_iz,0.026655949396831524,0.1795545955141647
color_iz,-0.017791183598987487,0.12476795934556525
color_iz,0.19856641757929236,0.25024099858713383
color_iz,0.004400097314909784,0.11691826135672113
color_iz,0.00412776330648279,0.008048618631315346
color_iz,0.20828011813674502,0.18397133389883114
color_iz,2.852283779855127,0.9393062215361268
color_iz,0.1706438687057697,0.1478393449317226
color_iz,-0.13514579631241497,0.10915297029991303
color_iz,0.191642115083437,0.26293933893408605
color_iz,0.0947266341822558,0.2977549069543945
color_iz,0.0007987558176493076,0.05046769690951009
color_iz,0.02966043453824467,0.033584521195689
color_iz,-0.013978110746481032,0.028599300975045792
color_iz,0.29749221903079826,0.37867293446578404
color_iz,-0.08385289068166346,0.18579085708231813
color_iz,0.014719577920459637,0.09754264988080909
color_iz,-0.045636458663156354,0.14766345056416041
color_iz,0.08067589626725902,0.14517069364030857
color_iz,-0.18369913299647067,0.18067141552601684
color_iz,-0.2528359852826072,0.2898579385947079
color_iz,-0.001342542661268209,0.21605721167285022
color_iz,0.5665697282138948,0.250205695447807
color_iz,0.05349409080267359,0.170750889738073
color_iz,,0.4303634680558552
color_iz,0.3345761021792705,0.23965774763686806
color_iz,0.08458015491715903,0.03402730254883542
color_iz,-0.009250660343457562,0.042917564099318295
color_iz,0.03924670550266315,0.0330457194360281
color_iz,0.033532180709251236,0.04634122426420645
color_iz,-0.02165044444386391,0.2042596295102657
color_iz,-0.23541919596427596,0.1680117717814223
color_iz,-0.2176062376047837,0.565082944805643
color_iz,-0.019489111920606705,0.01625684825335135
color_iz,-0.5691930211876132,0.5495641808320035
color_iz,-0.3863648164375397,0.21141490630497667
color_iz,0.29311639824529656,0.12000738356057664
color_iz,0.04985517127965955,0.08497638265650269
color_iz,0.03907602124080822,0.015316078674098281
color_iz,0.008336687489004735,0.06555107509008867
color_iz,0.3562997763343297,0.3255200232686282
color_iz,0.42232989800073306,0.2726909171329031
color_iz,-0.040090391524006286,0.1621756429770005
color_iz,0.11766354328676848,0.12979469713227226
color_iz,0.09721863903452177,0.02695748358645205
color_iz,0.2278036024396477,0.1475519032761075
color_iz,0.29784587432303933,0.25420575470055295
color_iz,0.2546548653164272,0.1290224849226507
color_iz,0.13483098968906126,0.3108771919114487
color_iz,0.051806466863764,0.19995968613176224
color_iz,-0.014973304726056624,0.04217539471522872
color_iz,0.08444478267841604,0.1035575590149882
color_iz,0.002072958167652156,0.0088390710579742
color_iz,-0.02032963435786732,0.04191447479434422
color_iz,-0.06647767836618945,0.04654319967933478
color_iz,0.08340338204518988,0.09727950823722592
color_iz,0.020908228077946733,0.22338619778012458
color_iz,0.4309694624124642,0.22451327925956904
color_iz,-0.03920233899644794,0.30904995308551414
color_iz,-0.01773103976437316,0.004487844547786814
color_iz,0.22932844021566967,0.22164269644109888
color_iz,0.16628214714097014,0.21566698086097216
color_iz,0.4832358329619605,0.17831497254810239
color_iz,-0.10694205125984974,0.15326006573189693
color_iz,0.03981976007302673,0.181401948537936
color_iz,0.013212624885892144,0.03684551062384253
color_iz,0.11906129857098219,0.11010896069968713
color_iz,-0.6693020713803871,0.45888844903899695
color_iz,0.1585591654894279,0.1738711831201799
color_iz,0.09826588972013225,0.05095219637384039
color_iz,0.013167661465674885,0.09635566492590761
color_iz,0.1914238764364882,0.29636236940927246
color_iz,0.04987811719788082,0.24619780777139097
color_iz,0.008925246925766434,0.035532242033584634
color_iz,-0.010855491311836121,0.03432660166607192
color_iz,0.23181322197035328,0.06339903470741011
color_iz,0.30335059817947163,0.23957533444152818
color_iz,0.049373457391306275,0.06380124566177943
color_iz,-0.052531756354807224,0.0680665952205169
color_iz,0.6568041564684614,0.4334455229441731
color_iz,-0.3676284310275482,0.27606438025674135
color_iz,0.03589924633168462,0.04710640834321373
color_iz,0.2797449835370235,0.26912570598014784
color_iz,0.0412284649796093,0.2240419669472306
color_iz,0.050386632288468375,0.48689489505170924
color_iz,0.48292949274654623,0.1421042731509168
color_iz,-0.03144189773647216,0.12785405705010863
color_iz,0.028303708529295174,0.022270849106301737
color_iz,-0.3377051161971662,0.31534630957311144
color_iz,0.06722883367237872,0.18654586353592761
color_iz,-0.024468520642183245,0.019807190709117354
color_iz,-0.05568477610772771,0.10318429171014586
color_iz,-0.38141680873380823,0.23230387994574095
color_iz,0.2971250041393031,0.23284550058597953
color_iz,-0.38944989918119366,0.1773494200736563
color_iz,-0.14117151539106082,0.6904553244203336
color_iz,0.10358351344727901,0.08590676201215164
color_iz,-0.03252178734937683,0.16109084448139807
color_iz,0.284856838961802,0.1716331007175888
color_iz,-0.1596166819090452,0.31245652991085426
color_iz,-0.03488902306552799,0.12833625007867033
color_iz,0.1586071652843468,0.29020015203350175
color_iz,0.07312886342708302,0.04856458234298887
color_iz,-0.050685356340047116,0.2547993600952841
color_iz,0.12789366532045526,0.04779241283190566
color_iz,0.10561397801815318,0.0828954510176521
color_iz,0.00993570273286526,0.05888973015442865
color_iz,-0.13139732468543264,0.14603365055632594
color_iz,0.02646377663940075,0.053571532673307054
color_iz,-0.013954866698838386,0.023709011057339174
color_iz,0.008860794944359152,0.028332783713751076
color_iz,1.728177739602353,0.3354579309372643
color_iz,0.15894018793217943,0.16124339411616845
color_iz,0.039802049977283316,0.13598598651483146
color_iz,0.19290764456340703,0.4927779802369261
color_iz,-0.027836236994525865,0.1053933019125515
color_iz,-0.049885333255467346,0.15711517550625068
color_iz,0.04857531797008985,0.17045444595206038
color_iz,0.23203785425731077,0.24249173372783991
color_iz,0.21534939460420918,0.17008740283792234
color_iz,0.2341999705118195,0.17629530968854965
color_iz,0.08294654386713651,0.05745146507023065
color_iz,0.21808703478104746,0.14584443930041324
color_iz,0.1654383047622257,0.27923174337972884
color_iz,0.05427122078196678,0.11808393506347191
color_iz,-0.030732502796148697,0.010012454916670775
color_iz,-0.017861395424052573,0.06837970860353182
color_iz,-0.3885447565273141,0.1946722137658306
color_iz,0.1991880351901773,0.4606536872607724
color_iz,0.14359299084450874,0.1591694511819758
color_iz,0.01378329513844656,0.025679504954314116
color_iz,0.1405088049855937,0.13897314958636994
color_iz,0.5268556815187676,0.2654818699306984
color_iz,0.0339613704988201,0.0598134440875635
color_iz,0.09461001690929877,0.04896555489636547
color_iz,0.11350162399327902,0.11354710138867813
color_iz,0.026896719179626882,0.07819481372609152
color_iz,0.0781081112533048,0.040737371198589445
color_iz,0.05455168986752601,0.11526558490987578
color_iz,0.23969719432903597,0.2314890985472538
color_iz,-0.021237571373909497,0.027291053798801736
color_iz,0.0856680480654547,0.09750174706646983
color_iz,-0.17954326972071366,0.29173673904077113
color_iz,-0.11021120927122974,0.11868341559409545
color_iz,-0.38501246305406456,0.4050007238681542
color_iz,0.008779267970401988,0.13392932511075722
color_iz,0.10957390932264366,0.23305303857395002
color_iz,1.4936859236354374,0.39154618402390884
color_iz,-0.0156611638563576,0.008721662465145635
color_iz,-0.05409427782759024,0.030468735856730444
color_iz,-0.020253592059429087,0.1381097273718758
color_iz,0.39583230353918364,0.29849356644740577
color_iz,0.0633212890998956,0.024356859474898195
color_iz,0.1200427612828261,0.07905162253207244
color_iz,-0.012265643645895219,0.020276283647461018
color_iz,-0.14219842610255257,0.42492593423185443
color_iz,-0.10679773262682801,0.13481060224805147
color_iz,0.12810824507693944,0.16809206060825072
color_iz,-0.04657347901461789,0.30301399715000016
color_iz,0.029678934563966197,0.022222756532271456
color_iz,0.009249193089007901,0.17637250785072578
color_iz,0.22913001360542556,0.16967363281523026
color_iz,0.044265995081085585,0.2689136440399919
color_iz,0.05514004996579658,0.32596677600321733
color_iz,0.24546038629286576,0.14986276227854609
color_iz,0.05407820880896275,0.029428598592897894
color_iz,0.43829976848621943,0.2077215691909221
color_iz,0.2795916138313215,0.40787508337432277
color_iz,0.05629614742185407,0.20676880902058242
color_iz,-0.0914020883538923,0.07417226660756919
color_iz,0.04265484791356633,0.09590988579732494
color_iz,-0.02821533956640393,0.2754188127389217
color_iz,0.09118567011205253,0.21725835783259542
color_iz,0.07153457950084169,0.0347908760791382
color_iz,-0.014573481628223917,0.008767126461219986
color_iz,-0.22523265184581595,0.16591212256336718
color_iz,-0.16790904861413486,0.2585795496543821
color_iz,0.09270962933147053,0.23949322054804298
color_iz,0.09079296004567547,0.17138785445145457
color_iz,-0.012159188595392945,0.12670258824374508
color_iz,0.30516141351311143,0.2556986579484548
color_iz,-0.17983052961264223,0.0949777931104398
color_iz,0.014075088629963428,0.24382029163507532
color_iz,0.019755682195473523,0.0801265375444994
color_iz,-0.23105247490385106,0.12478787944762307
color_iz,-0.025781083898635815,0.2275340897921337
color_iz,0.11030270583979573,0.07869534522421857
color_iz,-0.12793066654763208,0.09537945055605167
color_iz,-0.004954468724681846,0.033923277084968714
color_iz,-0.07426525094157796,0.478883782118951
color_iz,-0.01992286733261589,0.006350097069306512
color_iz,0.309391866741645,0.20456241436346959
color_iz,0.06975414548241143,0.03229076437551003
color_iz,-0.027850033621551806,0.08748547010384372
color_iz,0.1985572414876746,0.1530628833487384
color_iz,0.037563299673431416,0.03030027587595423
color_iz,-0.243441214316188,0.14597880615600314
color_iz,0.10508925194407695,0.12650840539898545
color_iz,0.25877712926016666,0.26941939987227886
color_iz,0.2663323752938272,0.40760843778812916
color_iz,-0.1274137680233592,0.16193363726472118
color_iz,0.000992369400438925,0.03412177687432959
color_iz,0.015898654025678527,0.045083753838300454
color_iz,0.20263212885694837,0.30300324189862876
color_iz,0.23512675797746446,0.05278367796002199
color_iz,0.013987299205964976,0.02755218579646297
color_iz,-0.019198335845899528,0.13082255913833715
color_iz,0.0006061922261320074,0.17594188995746682
color_iz,-0.018501331018713596,0.008884038148960964
color_iz,0.5074859660407889,0.43903403377592803
color_iz,0.46190364839153786,0.203862180876035
color_iz,0.2810771920469509,0.18990311041506677
color_iz,0.19958439482135076,0.11458933132447632
color_iz,0.09761314279500205,0.09445361612368997
color_iz,0.2165545893091118,0.22257128627961248
color_iz,0.21382619596963393,0.15252594142121886
color_iz,-0.0908021167815829,0.0959816355433464
color_iz,0.13157983636327103,0.3463063770735295
color_iz,-0.00306029044848094,0.1959491977995636
color_iz,-0.08467406306186098,0.33783227249592085
color_iz,0.03326853224401874,0.312468225232335
color_iz,0.28669461466908064,0.1763883110405203
color_iz,-0.09769627074996245,0.03891448918443243
color_iz,0.22688207601464977,0.09238847830613614
color_iz,-0.09903365115662577,0.09390513896982247
color_iz,0.0026054383766339617,0.016698081969532496
color_iz,-0.14447641658067178,0.24057910087227796
color_iz,-0.05761603853107233,0.11141418911058207
color_iz,-0.06012443410670448,0.12535824250810748
color_iz,0.008136856405381504,0.04572232210772841
color_iz,0.3495268834311509,0.38924810637780755
color_iz,-0.07791270890419066,0.22289086529063326
color_iz,-0.0515573667706869,0.3032873267729872
color_iz,3.4385711952896547,0.5669735407177068
color_iz,-0.019761889288511136,0.4055740273211607
color_iz,-0.060293988708273794,0.09371208921571686
color_iz,0.2589308341486068,0.13090147110699013
color_iz,0.010380741301139362,0.0846161204090169
